Unnamed: 0,Serie,Desde,Hasta,Localidad,Local,Habilitados,Accesible,Urb/Rur,file
1,DAA,1,10205,Maldonado,"Casa de la Cultura, Perez del Puerto No 745",410,S,N,planes_circuitales\Maldonado.pdf
2,DAA,10206,12501,Maldonado,"Casa de la Cultura, Perez del Puerto No 745",410,S,N,planes_circuitales\Maldonado.pdf
3,DAA,12502,14367,Maldonado,"Casa de la Cultura, Puerta de los Leones",410,S,N,planes_circuitales\Maldonado.pdf
4,DAA,14368,15937,Maldonado,"Casa de la Cultura, Puerta de los Leones",410,S,N,planes_circuitales\Maldonado.pdf
5,DAA,15938,17318,Maldonado,"Casa de la Cultura, Teatro",410,S,N,planes_circuitales\Maldonado.pdf
6,DAA,17319,18680,Maldonado,"Casa de la Cultura, Teatro",410,S,N,planes_circuitales\Maldonado.pdf
7,DAA,18681,19784,Maldonado,"Inst. de Form. Docente, R. P. del Puerto c/Sarandí",410,S,N,planes_circuitales\Maldonado.pdf
8,DAA,19785,21005,Maldonado,"Inst. de Form. Docente, R. P. del Puerto c/Sarandí",410,S,N,planes_circuitales\Maldonado.pdf
9,DAA,21006,22030,Maldonado,"Inst. de Form. Docente, R. P. del Puerto c/Sarandí",410,S,N,planes_circuitales\Maldonado.pdf
10,DAA,22031,22945,Maldonado,"Inst. de Form. Docente, R. P. del Puerto c/Sarandí",410,S,N,planes_circuitales\Maldonado.pdf
11,DAA,22946,23849,Maldonado,"Paseo San Fernando, Sarandí c/ 25 de mayo",410,S,N,planes_circuitales\Maldonado.pdf
12,DAA,23850,24680,Maldonado,"Paseo San Fernando, Sarandí c/ 25 de mayo",410,S,N,planes_circuitales\Maldonado.pdf
13,DAA,24681,25679,Maldonado,"Paseo San Fernando, 25 de mayo c/ Sarandí",410,S,N,planes_circuitales\Maldonado.pdf
14,DAA,25680,26746,Maldonado,"Paseo San Fernando, 25 de mayo c/ Sarandí",410,S,N,planes_circuitales\Maldonado.pdf
15,DAA,26747,27522,Maldonado,"Paseo San Fernando, 25 de mayo c/ Sarandí",410,S,N,planes_circuitales\Maldonado.pdf
16,DAA,27523,28752,Maldonado,"Paseo San Fernando, 25 de mayo c/ Sarandí",410,S,N,planes_circuitales\Maldonado.pdf
17,DAA,28753,30251,Maldonado,"CACEPA, Arturo Santana c/ Román Guerra",400,S,N,planes_circuitales\Maldonado.pdf
18,DAA,30252,31212,Maldonado,"ADEOM, Román Guerra esq. Ituzaingó",400,S,N,planes_circuitales\Maldonado.pdf
19,DAA,31213,31977,Maldonado,"ADEOM, Román Guerra esq. Ituzaingó",400,S,N,planes_circuitales\Maldonado.pdf
20,DAA,31978,32678,Maldonado,"entro Comerciantes Minoristas, Ventura Alegre c/ Rinc",n400,S,N,planes_circuitales\Maldonado.pdf
21,DAA,32679,33421,Maldonado,"Inst. Inglés United Kingdom, Rincón y Ventura Alegre",400,S,N,planes_circuitales\Maldonado.pdf
22,DAA,33422,34109,Maldonado,"Centro de Militares Retirados, Rincón y Dr. Edye",400,S,N,planes_circuitales\Maldonado.pdf
23,DAA,34110,34851,Maldonado,"Liceo Padre Domingo, Ventura Alegre c/ Rincón",400,S,N,planes_circuitales\Maldonado.pdf
24,DAA,34852,35693,Maldonado,"Liceo Padre Domingo, Ventura Alegre c/ Rincón",400,S,N,planes_circuitales\Maldonado.pdf
25,DAA,35694,36544,Maldonado,"Liceo Padre Domingo, Ventura Alegre c/ Rincón",400,S,N,planes_circuitales\Maldonado.pdf
26,DAA,36545,37722,Maldonado,"Escuela Enfermería, Rincón 771",400,S,N,planes_circuitales\Maldonado.pdf
27,DAA,37723,38602,Maldonado,"Asociación Escribanos, Treinta y Tres c/ Sarandí",400,S,N,planes_circuitales\Maldonado.pdf
28,DAA,38603,39215,Maldonado,"Iglesia Jesucristo S.U.D., Florida c/ San Carlos",400,S,N,planes_circuitales\Maldonado.pdf
29,DAA,39216,39789,Maldonado,"Iglesia Jesucristo S.U.D., Florida c/ San Carlos",400,S,N,planes_circuitales\Maldonado.pdf
30,DAA,39790,40366,Maldonado,"Iglesia Jesucristo S.U.D., Florida c/ San Carlos",400,S,N,planes_circuitales\Maldonado.pdf
31,DAA,40367,40978,Maldonado,"I.T.T.C. (Ex CODEPAL), Avda. Aiguá y Bvar. Artigas",400,S,N,planes_circuitales\Maldonado.pdf
32,DAA,40979,41664,Maldonado,"I.T.T.C. (Ex CODEPAL), Avda. Aiguá y Bvar. Artigas",400,S,N,planes_circuitales\Maldonado.pdf
33,DAA,41665,42508,Maldonado,"I.T.T.C. (Ex CODEPAL), Avda. Aiguá y Bvar. Artigas",400,S,N,planes_circuitales\Maldonado.pdf
34,DAA,42509,43224,Maldonado,"Centro Español, 18 de julio y Arturo Santana",400,S,N,planes_circuitales\Maldonado.pdf
35,DAA,43225,44110,Maldonado,"Centro Básico Técnico, A. Santana y 18 de julio",400,S,N,planes_circuitales\Maldonado.pdf
36,DAA,44111,44873,Maldonado,"Centro Básico Técnico, A. Santana y 18 de julio",400,S,N,planes_circuitales\Maldonado.pdf
37,DAA,44874,45777,Maldonado,"Centro Básico Técnico, A. Santana y 18 de julio",400,S,N,planes_circuitales\Maldonado.pdf
38,DAA,45778,46543,Maldonado,"Centro Básico Técnico, A. Santana y 18 de julio",400,S,N,planes_circuitales\Maldonado.pdf
39,DAA,46544,47155,Maldonado,"Centro Básico Técnico, R. Pérez del Puerto",400,S,N,planes_circuitales\Maldonado.pdf
40,DAA,47156,47737,Maldonado,"Centro Básico Técnico, R. Pérez del Puerto",400,S,N,planes_circuitales\Maldonado.pdf
41,DAA,47738,48535,MaldonadoM,nisterio Vivienda y O. Territorial. Dodera 717 c/ A. Sant,na400,S,N,planes_circuitales\Maldonado.pdf
42,DAA,48536,49345,Maldonado,"Oficina de Trabajo, 18 de julio y Treinta y Tres",400,S,N,planes_circuitales\Maldonado.pdf
43,DAA,49346,50056,Maldonado,"Escuela No 2, Michelini c/ 25 de mayo",400,S,N,planes_circuitales\Maldonado.pdf
44,DAA,50057,50737,Maldonado,"Escuela No 2, Michelini c/ 25 de mayo",400,S,N,planes_circuitales\Maldonado.pdf
45,DAA,50738,51399,Maldonado,"Escuela No 2, Michelini c/ 25 de mayo",400,S,N,planes_circuitales\Maldonado.pdf
46,DAA,51400,52092,Maldonado,"Escuela No 2, Michelini c/ 25 de mayo",400,S,N,planes_circuitales\Maldonado.pdf
47,DAA,52093,52839,Maldonado,"Escuela No 2, Michelini c/ 25 de mayo",400,S,N,planes_circuitales\Maldonado.pdf
48,DAA,52840,53539,Maldonado,"Escuela No 2, Michelini c/ 25 de mayo",400,S,N,planes_circuitales\Maldonado.pdf
49,DAA,53540,54266,Maldonado,"Escuela No 2, Michelini c/ 25 de mayo",400,S,N,planes_circuitales\Maldonado.pdf
50,DAA,54267,54959,Maldonado,"Colegio Santander, Dodera y 25 de mayo",400,S,N,planes_circuitales\Maldonado.pdf
51,DAA,54960,55680,Maldonado,"Colegio Santander, 25 de mayo c/ Dodera",400,S,N,planes_circuitales\Maldonado.pdf
52,DAA,55681,56408,Maldonado,"Colegio Santander, 25 de mayo c/ Dodera",400,S,N,planes_circuitales\Maldonado.pdf
53,DAA,56409,57322,Maldonado,"Obispado, Dodera (Entrada Principal)",400,S,N,planes_circuitales\Maldonado.pdf
54,DAA,57323,58250,Maldonado,"Obispado, Dodera (por Portón)",400,S,N,planes_circuitales\Maldonado.pdf
55,DAA,58251,58908,Maldonado,"Casa Parroquial, Florida c/ Dodera",400,S,N,planes_circuitales\Maldonado.pdf
56,DAA,58909,59532,Maldonado,"Teatro Paz y Unión, Dodera y Florida",400,S,N,planes_circuitales\Maldonado.pdf
57,DAA,59533,60113,Maldonado,"Asoc. Func. de Casinos, Solís y Bergalli",400,S,N,planes_circuitales\Maldonado.pdf
58,DAA,60114,60751,Maldonado,"Asoc. Venderores Diarios y Rev., Z. Michelini c/ Bergalli",400,S,N,planes_circuitales\Maldonado.pdf
59,DAA,60752,61361,Maldonado,"Asoc. Venderores Diarios y Rev., Z. Michelini c/ Bergalli",400,S,N,planes_circuitales\Maldonado.pdf
60,DAA,61362,61942,MaldonadoAs,"c. Cristiana Femenina, Zelmar Michelini c/ Ventura Ale",re400,S,N,planes_circuitales\Maldonado.pdf
61,DAA,61943,62618,Maldonado,".E.E. (Int. Educ. Evangélico), Guavirá c/ Joaquín de Vian",400,S,N,planes_circuitales\Maldonado.pdf
62,DAA,62619,63217,Maldonado,".E.E. (Int. Educ. Evangélico), Guavirá c/ Joaquín de Vian",400,S,N,planes_circuitales\Maldonado.pdf
63,DAA,63218,63841,Maldonado,"HEMOVIDA, Ventura Alegre y Las Dalias",400,S,N,planes_circuitales\Maldonado.pdf
64,DAA,63842,64443,Maldonado,"HEMOVIDA, Ventura Alegre y Las Dalias",400,S,N,planes_circuitales\Maldonado.pdf
65,DAA,64444,65029,Maldonado,"CEI (ORT), Rincón y Dr. Edye",400,S,N,planes_circuitales\Maldonado.pdf
66,DAA,65030,65614,Maldonado,"CEI (ORT), Rincón y Dr. Edye",400,S,N,planes_circuitales\Maldonado.pdf
67,DAA,65615,66243,Maldonado,"Colegio HH CC, Dr. Edye c/ Román Guerra",400,S,N,planes_circuitales\Maldonado.pdf
68,DAA,66244,66887,Maldonado,"Colegio HH CC, Dr. Edye c/ Román Guerra",400,S,N,planes_circuitales\Maldonado.pdf
69,DAA,66888,67561,Maldonado,"Colegio HH CC, Dr. Edye c/ Román Guerra",400,S,N,planes_circuitales\Maldonado.pdf
70,DAA,67562,68201,Maldonado,"Colegio HH CC, Dr. Edye c/ Román Guerra",400,S,N,planes_circuitales\Maldonado.pdf
71,DAA,68202,68902,Maldonado,"Colegio HH CC, R. Guerra y Dr. Edye",400,S,N,planes_circuitales\Maldonado.pdf
72,DAA,68903,69645,Maldonado,"Colegio HH CC, R. Guerra y Dr. Edye",400,S,N,planes_circuitales\Maldonado.pdf
73,DAA,69646,70285,Maldonado,"Escuela No 1, Román Guerra y Bergalli",400,S,N,planes_circuitales\Maldonado.pdf
74,DAA,70286,71067,Maldonado,"Escuela No 1, Román Guerra y Bergalli",400,S,N,planes_circuitales\Maldonado.pdf
75,DAA,71068,71742,Maldonado,"Escuela No 1, Román Guerra y Bergalli",400,S,N,planes_circuitales\Maldonado.pdf
76,DAA,71743,72378,Maldonado,"Escuela No 1, Román Guerra y Bergalli",400,S,N,planes_circuitales\Maldonado.pdf
77,DAA,72379,72952,Maldonado,"Escuela No 1, Román Guerra y Bergalli",400,S,N,planes_circuitales\Maldonado.pdf
78,DAA,72953,73550,Maldonado,"Inspección de Escuelas, Román Guerra y J. Pedro Varela",400,S,N,planes_circuitales\Maldonado.pdf
79,DAA,73551,74103,Maldonado,"Escuela No 97, Rincón y J. Pedro Varela",400,S,N,planes_circuitales\Maldonado.pdf
80,DAA,74104,74645,Maldonado,"Escuela No 97, Rincón y J. Pedro Varela",400,S,N,planes_circuitales\Maldonado.pdf
81,DAA,74646,75201,Maldonado,"Inst. Fernandino, Rincón c/ G. Ruiz",400,S,N,planes_circuitales\Maldonado.pdf
82,DAA,75202,75776,Maldonado,"Inst. Fernandino, Rincón c/ G. Ruiz",400,S,N,planes_circuitales\Maldonado.pdf
83,DAA,75777,76323,Maldonado,"Inst. Fernandino, Rincón c/ G. Ruiz",400,S,N,planes_circuitales\Maldonado.pdf
84,DAA,76324,76847,Maldonado,"Inst. Fernandino, Rincón c/ G. Ruiz",400,S,N,planes_circuitales\Maldonado.pdf
85,DAA,76848,77390,Maldonado,Inst. Latinoamericano,400,S,N,planes_circuitales\Maldonado.pdf
86,DAA,77391,77918,Maldonado,Inst. Latinoamericano,400,S,N,planes_circuitales\Maldonado.pdf
87,DAA,77919,78455,Maldonado,"Colegio Maldonado, Avda. Lavalleja y 18 de julio",400,S,N,planes_circuitales\Maldonado.pdf
88,DAA,78456,79022,Maldonado,"Colegio Maldonado, Avda. Lavalleja y 18 de julio",400,S,N,planes_circuitales\Maldonado.pdf
89,DAA,79023,79558,Maldonado,"Colegio Maldonado, Avda. Lavalleja y 18 de julio",400,S,N,planes_circuitales\Maldonado.pdf
90,DAA,79559,80117,Maldonado,"Colegio Maldonado, Avda. Lavalleja y 18 de julio",400,S,N,planes_circuitales\Maldonado.pdf
91,DAA,80118,80656,Maldonado,"Colegio Maldonado, Avda. Lavalleja y 18 de julio",400,S,N,planes_circuitales\Maldonado.pdf
92,DAA,80657,81185,Maldonado,"AEBU, Avda. Batlle y Ordoñez",400,S,N,planes_circuitales\Maldonado.pdf
93,DAA,81186,81688,Maldonado,"AEBU, Avda. Batlle y Ordoñez",400,S,N,planes_circuitales\Maldonado.pdf
94,DAA,81689,82280,Maldonado,"Comunal El Molino, Calle Hernandarias",400,S,N,planes_circuitales\Maldonado.pdf
95,DAA,82281,82853,Maldonado,"Escuela No 7, Avda. Batlle y Ordoñez c/ 17 mts.",400,N,N,planes_circuitales\Maldonado.pdf
96,DAA,82854,83391,Maldonado,"Escuela No 7, Avda. Batlle y Ordoñez c/ 17 mts.",400,N,N,planes_circuitales\Maldonado.pdf
97,DAA,83392,83906,Maldonado,"Escuela No 7, Avda. Batlle y Ordoñez c/ 17 mts.",400,N,N,planes_circuitales\Maldonado.pdf
98,DAA,83907,84472,Maldonado,"Liceo No 2, E. Acevedo y Batlle y Ordoñez",400,S,N,planes_circuitales\Maldonado.pdf
99,DAA,84473,85002,Maldonado,"Liceo No 2, E. Acevedo y Batlle y Ordoñez",400,S,N,planes_circuitales\Maldonado.pdf
100,DAA,85003,85511,Maldonado,"Liceo No 2, E. Acevedo y Batlle y Ordoñez",400,S,N,planes_circuitales\Maldonado.pdf
101,DAA,85512,86001,Maldonado,"Liceo No 2, E. Acevedo y Batlle y Ordoñez",400,S,N,planes_circuitales\Maldonado.pdf
102,DAA,86002,86522,Maldonado,"Junta Deptal, 18 de julio s/ No (Entrada Principal)",400,S,N,planes_circuitales\Maldonado.pdf
103,DAA,86523,87033,Maldonado,"Junta Deptal, 18 de julio s/ No (Entrada Principal)",400,S,N,planes_circuitales\Maldonado.pdf
104,DAA,87034,87538,Maldonado,"Junta Deptal, 18 de julio s/No (Puerta de Personal)",400,S,N,planes_circuitales\Maldonado.pdf
105,DAA,87539,88028,Maldonado,"Junta Deptal, Dodera s/ No",400,S,N,planes_circuitales\Maldonado.pdf
106,DAA,88029,88528,Maldonado,"OSE, Ledesma y Sarandí",400,S,N,planes_circuitales\Maldonado.pdf
107,DAA,88529,89002,Maldonado,"Liceo Deptal, Acuña de Figueroa c/ 3 de febrero",400,S,N,planes_circuitales\Maldonado.pdf
108,DAA,89003,89504,Maldonado,"Liceo Deptal, Acuña de Figueroa c/ 3 de febrero",400,S,N,planes_circuitales\Maldonado.pdf
109,DAA,89505,89980,Maldonado,"Liceo Deptal, Acuña de Figueroa c/ 3 de febrero",400,S,N,planes_circuitales\Maldonado.pdf
110,DAA,89981,90457,Maldonado,"Liceo Deptal, Acuña de Figueroa c/ 3 de febrero",400,S,N,planes_circuitales\Maldonado.pdf
111,DAA,90458,90943,Maldonado,"Liceo Deptal, Acuña de Figueroa c/ 3 de febrero",400,S,N,planes_circuitales\Maldonado.pdf
112,DAA,90944,91463,Maldonado,"Liceo Deptal, Acuña de Figueroa c/ 3 de febrero",400,S,N,planes_circuitales\Maldonado.pdf
113,DAA,91464,91989,Maldonado,"Liceo Deptal, Acuña de Figueroa c/ 3 de febrero",400,S,N,planes_circuitales\Maldonado.pdf
114,DAA,91990,92552,Maldonado,"Hall Piscina Campus, 3 de Febrero y Rincón",400,S,N,planes_circuitales\Maldonado.pdf
115,DAA,92553,93086,Maldonado,"Hall Piscina Campus, 3 de Febrero y Rincón",400,S,N,planes_circuitales\Maldonado.pdf
116,DAA,93087,93622,Maldonado,"Hall Estadio, 3 de febrero y Rincón",400,S,N,planes_circuitales\Maldonado.pdf
117,DAA,93623,94132,Maldonado,"Hall Estadio, 3 de febrero y Rincón",400,S,N,planes_circuitales\Maldonado.pdf
118,DAA,94133,94648,Maldonado,"Jardín No 4, Bo. Mónaco",400,S,N,planes_circuitales\Maldonado.pdf
119,DAA,94649,95156,Maldonado,"Jardín No 4, Bo. Mónaco",400,S,N,planes_circuitales\Maldonado.pdf
120,DAA,95157,95683,Maldonado,"Asociación Jubilados, Bo. Mónaco",400,S,N,planes_circuitales\Maldonado.pdf
121,DAA,95684,96197,Maldonado,"Asociación Jubilados, Bo. Mónaco",400,S,N,planes_circuitales\Maldonado.pdf
122,DAA,96198,96738,Maldonado,"Colegio IBS, Islandia y Luxemburgo",400,S,N,planes_circuitales\Maldonado.pdf
123,DAA,96739,97249,Maldonado,"Colegio IBS, Islandia y Luxemburgo",400,S,N,planes_circuitales\Maldonado.pdf
124,DAA,97250,97725,Maldonado,"Colegio IBS, Islandia y Luxemburgo",400,S,N,planes_circuitales\Maldonado.pdf
125,DAA,97726,98198,Maldonado,"Escuela No 84, Calle San Martín",400,N,N,planes_circuitales\Maldonado.pdf
126,DAA,98199,98696,Maldonado,"Escuela No 82, Cachimba del Rey",400,S,N,planes_circuitales\Maldonado.pdf
127,DAA,98697,99165,Maldonado,"Escuela No 82, Cachimba del Rey",400,S,N,planes_circuitales\Maldonado.pdf
128,DAA,99166,99608,Maldonado,"Escuela No 82, Cachimba del Rey",400,S,N,planes_circuitales\Maldonado.pdf
129,DAA,99609,100063,Maldonado,"Liceo No 4, Cámpora S/No. Cachimba del Rey",400,S,N,planes_circuitales\Maldonado.pdf
130,DAA,100064,100506,Maldonado,"Liceo No 4, Cámpora S/No. Cachimba del Rey",400,S,N,planes_circuitales\Maldonado.pdf
131,DAA,100507,100952,Maldonado,"Liceo No 4, Cámpora S/No. Cachimba del Rey",400,S,N,planes_circuitales\Maldonado.pdf
132,DAA,100953,101395,Maldonado,"Liceo No 4, Cámpora S/No. Cachimba del Rey",400,S,N,planes_circuitales\Maldonado.pdf
133,DAA,101396,101833,Maldonado,"Liceo No 4, Cámpora S/No. Cachimba del Rey",400,S,N,planes_circuitales\Maldonado.pdf
134,DAA,101834,102251,Maldonado,"Liceo No 4, Cámpora S/No. Cachimba del Rey",400,S,N,planes_circuitales\Maldonado.pdf
135,DAA,102252,102664,Maldonado,"Instituto de Profesores, Cámpora y de la Virgen",400,S,N,planes_circuitales\Maldonado.pdf
136,DAA,102665,103069,Maldonado,"Instituto de Profesores, Cámpora y de la Virgen",400,S,N,planes_circuitales\Maldonado.pdf
137,DAA,103070,103483,Maldonado,"Instituto de Profesores, Cámpora y de la Virgen",400,S,N,planes_circuitales\Maldonado.pdf
138,DAA,103484,103888,Maldonado,"Instituto de Profesores, Cámpora y de la Virgen",400,S,N,planes_circuitales\Maldonado.pdf
139,DAA,103889,104292,Maldonado,"Instituto de Profesores, Cámpora y de la Virgen",400,S,N,planes_circuitales\Maldonado.pdf
140,DAA,104293,104754,Maldonado,"Instituto de Profesores, Cámpora y de la Virgen",402,S,N,planes_circuitales\Maldonado.pdf
141,DAD,1,353,Punta Ballena,Escuela No 36.,281,S,N,planes_circuitales\Maldonado.pdf
142,DAD,354,699,Punta Ballena,Escuela No 36.,281,S,N,planes_circuitales\Maldonado.pdf
143,DAD,700,995,Punta Ballena,Arboretum de Lussich,283,N,N,planes_circuitales\Maldonado.pdf
144,DAE,1,430,Pinares,"Escuela No 27, Bo. INVE",390,S,N,planes_circuitales\Maldonado.pdf
145,DAE,431,857,Pinares,"Escuela No 27, Bo. INVE",390,S,N,planes_circuitales\Maldonado.pdf
146,DAE,858,1274,Pinares,"Escuela No 27, Bo. INVE",390,S,N,planes_circuitales\Maldonado.pdf
147,DAE,1275,1683,Pinares,"Colegio Pinares del Este, Los Gladiolos y Las Begonias",390,S,N,planes_circuitales\Maldonado.pdf
148,DAE,1684,2087,Pinares,"Colegio Pinares del Este, Los Gladiolos y Las Begonias",390,S,N,planes_circuitales\Maldonado.pdf
149,DAE,2088,2488,Pinares,"Colegio Pinares del Este, Los Gladiolos y Las Begonias",390,S,N,planes_circuitales\Maldonado.pdf
150,DAE,2489,2882,Pinares,"Liceo No 5, Lavalleja y Joaquín de Viana",390,S,N,planes_circuitales\Maldonado.pdf
151,DAE,2883,3279,Pinares,"Liceo No 5, Lavalleja y Joaquín de Viana",390,S,N,planes_circuitales\Maldonado.pdf
152,DAE,3280,3674,Pinares,"Liceo No 5, Lavalleja y Joaquín de Viana",390,S,N,planes_circuitales\Maldonado.pdf
153,DAE,3675,4106,Pinares,"Liceo No 5, Lavalleja y Joaquín de Viana",390,S,N,planes_circuitales\Maldonado.pdf
154,DAF,1,434,Cerro Pelado,"Escuela No 107, Sierras de las Cañas y 17 mts.",396,S,N,planes_circuitales\Maldonado.pdf
155,DAF,435,872,Cerro Pelado,"Escuela No 107, Sierras de las Cañas y 17 mts.",396,S,N,planes_circuitales\Maldonado.pdf
156,DAF,873,1295,Cerro Pelado,"Escuela No 107, Sierras de las Cañas y 17 mts.",396,S,N,planes_circuitales\Maldonado.pdf
157,DAF,1296,1715,Cerro Pelado,"Escuela No 96, Sierras de Aceguá",396,S,N,planes_circuitales\Maldonado.pdf
158,DAF,1716,2150,Cerro Pelado,"Escuela No 96, Sierras de Aceguá",396,S,N,planes_circuitales\Maldonado.pdf
159,DAF,2151,2589,Cerro Pelado,Jardín No 105. Cerro Pelado,396,S,N,planes_circuitales\Maldonado.pdf
160,DAF,2590,3005,Cerro Pelado,Jardín No 105. Cerro Pelado,396,S,N,planes_circuitales\Maldonado.pdf
161,DAF,3006,3437,Cerro Pelado,Policlínica Cerro Pelado,396,S,N,planes_circuitales\Maldonado.pdf
162,DAF,3438,3850,Cerro Pelado,Polideportivo Cerro Pelado,396,S,N,planes_circuitales\Maldonado.pdf
163,DAF,3851,4257,Cerro Pelado,UTU Cerro Pelado,396,S,N,planes_circuitales\Maldonado.pdf
164,DAF,4258,4664,Cerro Pelado,UTU Cerro Pelado,396,S,N,planes_circuitales\Maldonado.pdf
165,DAF,4665,5076,Cerro Pelado,UTU Cerro Pelado,396,S,N,planes_circuitales\Maldonado.pdf
166,DAF,5077,5476,Cerro Pelado,Comunal Villa Delia,396,S,N,planes_circuitales\Maldonado.pdf
167,DAF,5477,5879,Cerro Pelado,Comunal Cerro Pelado,396,S,N,planes_circuitales\Maldonado.pdf
168,DAF,5880,6334,Cerro Pelado,Comunal Cerro Pelado,396,S,N,planes_circuitales\Maldonado.pdf
169,DAG,1,415,Hipódromo,"CAIF, Bo. Hipódromo. Calle 1 c/ Calle 8",369,S,N,planes_circuitales\Maldonado.pdf
170,DAG,416,808,Hipódromo,"CAIF, Bo. Hipódromo. Calle 1 c/ Calle 8",369,S,N,planes_circuitales\Maldonado.pdf
171,DAG,809,1193,Hipódromo,"CAIF, Bo. Hipódromo. Calle 1 c/ Calle 8",370,S,N,planes_circuitales\Maldonado.pdf
172,DAH,1,457,Mldo. NuevoCo,"p. Cultural Mldo. Nuevo, A. Paravera c/ Bartolomé Ho",el410,S,N,planes_circuitales\Maldonado.pdf
173,DAH,458,902,Mldo. NuevoCo,"p. Cultural Mldo. Nuevo, A. Paravera c/ Bartolomé Ho",el400,S,N,planes_circuitales\Maldonado.pdf
174,DAH,903,1327,Mldo. NuevoCo,"p. Cultural Mldo. Nuevo, A. Paravera c/ Bartolomé Ho",el400,S,N,planes_circuitales\Maldonado.pdf
175,DAH,1328,1776,Mldo. Nuevo,"Escuela No 95, Caracara y Mevoipe",400,S,N,planes_circuitales\Maldonado.pdf
176,DAH,1777,2197,Mldo. Nuevo,"Escuela No 95, Caracara y Mevoipe",400,S,N,planes_circuitales\Maldonado.pdf
177,DAH,2198,2632,Mldo. Nuevo,"Jardín No 94, Agapito Paravera y Leandro Gómez",400,S,N,planes_circuitales\Maldonado.pdf
178,DAH,2633,3065,Mldo. Nuevo,"Jardín No 94, Agapito Paravera y Leandro Gómez",400,S,N,planes_circuitales\Maldonado.pdf
179,DAH,3066,3500,Mldo. Nuevo,"Jardín No 94, Agapito Paravera y Leandro Gómez",400,S,N,planes_circuitales\Maldonado.pdf
180,DAH,3501,3937,Mldo. Nuevo,"Jardín No 94, Agapito Paravera y Leandro Gómez",400,S,N,planes_circuitales\Maldonado.pdf
181,DAH,3938,4376,Mldo. Nuevo,"Escuela No 87/91, simón del Pino c/ Caracara",400,S,N,planes_circuitales\Maldonado.pdf
182,DAH,4377,4794,Mldo. Nuevo,"Escuela No 93, Cno. de los Gauchos y Uruguay",400,S,N,planes_circuitales\Maldonado.pdf
183,DAH,4795,5215,Mldo. Nuevo,"Escuela No 93, Cno. de los Gauchos y Uruguay",400,S,N,planes_circuitales\Maldonado.pdf
184,DAH,5216,5631,Mldo. Nuevo,"Escuela No 93, Cno. de los Gauchos y Uruguay",400,S,N,planes_circuitales\Maldonado.pdf
185,DAH,5632,6049,Mldo. Nuevo,"Escuela No 93, Cno. de los Gauchos y Uruguay",400,S,N,planes_circuitales\Maldonado.pdf
186,DAH,6050,6465,Mldo. Nuevo,"Colegio Biarritz, Serafín J. García",400,S,N,planes_circuitales\Maldonado.pdf
187,DAH,6466,6871,Mldo. Nuevo,"Colegio Biarritz, Serafín J. García",400,S,N,planes_circuitales\Maldonado.pdf
188,DAH,6872,7284,Mldo. Nuevo,"Comunal Lomas-Santa Teresita, Calle Carmelo Colman",400,S,N,planes_circuitales\Maldonado.pdf
189,DAH,7285,7693,Mldo. Nuevo,"Municipio de Maldonado, Batalla del Cerrito",400,S,N,planes_circuitales\Maldonado.pdf
190,DAH,7694,8099,Mldo. Nuevo,"Municipio de Maldonado, Batalla del Cerrito",400,S,N,planes_circuitales\Maldonado.pdf
191,DAH,8100,8509,Mldo. Nuevo,"Centro Diurno, Bo. Odizzio",400,S,N,planes_circuitales\Maldonado.pdf
192,DAH,8510,8922,Mldo. Nuevo,"CURE, Calle Tacuarembó",400,S,N,planes_circuitales\Maldonado.pdf
193,DAH,8923,9388,Mldo. Nuevo,"CURE, Calle Tacuarembó",408,S,N,planes_circuitales\Maldonado.pdf
194,DAI,1,277,El Jagüel,"CURE, Calle Tacuarembó",245,S,N,planes_circuitales\Maldonado.pdf
195,DAI,278,533,El Jagüel,"CURE, Calle Tacuarembó",246,S,N,planes_circuitales\Maldonado.pdf
196,DAJ,1,395,Las Delicias,"Club de Leones Mldo., Calle Melvin Jones",371,S,N,planes_circuitales\Maldonado.pdf
197,DAJ,396,792,Las Delicias,"Of. de la Juventud, Honduras y Joaquín de Viana",371,S,N,planes_circuitales\Maldonado.pdf
198,DAJ,793,1172,Las Delicias,"CACESMA, Avda. España y 7 Cabritos",371,S,N,planes_circuitales\Maldonado.pdf
199,DAK,1,447,Cantegril,St. JosephMary College. Gral José de San Martín,400,S,N,planes_circuitales\Maldonado.pdf
200,DAK,448,879,Cantegril,St. JosephMary College. Gral José de San Martín,400,S,N,planes_circuitales\Maldonado.pdf
DAK,880,1294,Cantegril,Woodside School. Mercedes esq.  Louvre,400,S,N,,planes_circuitales\Maldonado.pdf
202,DAK,1295,1728,Cantegril,Woodside School. Mercedes esq.  Louvre,408,S,N,planes_circuitales\Maldonado.pdf
203,DAB,1,4143,Punta del Este,"Escuela No 5, Gorlero y Calle 23",407,S,N,planes_circuitales\Maldonado.pdf
204,DAB,4144,5358,Punta del Este,"Escuela No 5, Gorlero y Calle 23",397,S,N,planes_circuitales\Maldonado.pdf
205,DAB,5359,6545,Punta del Este,"Alcaldía de Punta del Este, Gorlero y Calle 20",397,S,N,planes_circuitales\Maldonado.pdf
206,DAB,6546,7506,Punta del Este,"Liga de fomento, Rambla. Pda. 1",397,S,N,planes_circuitales\Maldonado.pdf
207,DAB,7507,8431,Punta del Este,"Liga de fomento, Rambla. Pda. 1",397,S,N,planes_circuitales\Maldonado.pdf
208,DAB,8432,9298,Punta del Este,"Liga de fomento, Rambla. Pda. 1",397,S,N,planes_circuitales\Maldonado.pdf
209,DAB,9299,10110,Punta del Este,"Colegio El Mamboretá, Calle 30",397,S,N,planes_circuitales\Maldonado.pdf
210,DAB,10111,10781,Punta del Este,"Casa Parroquial, Calle El Faro",397,S,N,planes_circuitales\Maldonado.pdf
211,DAB,10782,11620,Punta del Este,"Liceo Punta del Este, Pda. 5",397,S,N,planes_circuitales\Maldonado.pdf
212,DAB,11621,12306,Punta del Este,"Liceo Punta del Este, Pda. 5",397,S,N,planes_circuitales\Maldonado.pdf
213,DAB,12307,12844,Punta del Este,"Liceo Punta del Este, Pda. 5",397,S,N,planes_circuitales\Maldonado.pdf
214,DAB,12845,13425,Punta del Este,"Liceo Punta del Este, Pda. 5",397,S,N,planes_circuitales\Maldonado.pdf
215,DAB,13426,13944,Punta del Este,"Liceo Punta del Este, Pda. 5",397,S,N,planes_circuitales\Maldonado.pdf
216,DAB,13945,14455,Punta del Este,"Liceo Punta del Este, Pda. 5",397,S,N,planes_circuitales\Maldonado.pdf
217,DAB,14456,14954,Punta del Este,"Liceo Punta del Este, Pda. 5",397,S,N,planes_circuitales\Maldonado.pdf
218,DAB,14955,15387,Punta del Este,"Liceo Punta del Este, Pda. 5",397,S,N,planes_circuitales\Maldonado.pdf
219,DAB,15388,15817,Punta del Este,"Liceo Punta del Este, Pda. 5",397,S,N,planes_circuitales\Maldonado.pdf
220,DAB,15818,16248,Punta del Este,"Liceo Punta del Este, Pda. 5",397,S,N,planes_circuitales\Maldonado.pdf
221,DAB,16249,16661,Punta del Este,"I.U.A.,  La Foret. Pda. 7",397,S,N,planes_circuitales\Maldonado.pdf
222,DAB,16662,17076,Punta del Este,"I.U.A.,  La Foret. Pda. 7",397,S,N,planes_circuitales\Maldonado.pdf
223,DAB,17077,17478,Punta del Este,"I.U.A.,  La Foret. Pda. 7",397,S,N,planes_circuitales\Maldonado.pdf
224,DAB,17479,17922,Punta del Este,"I.U.A.,  La Foret. Pda. 7",402,S,N,planes_circuitales\Maldonado.pdf
225,DAC,1,870,Los Ceibos,Escuela No 12,203,S,S,planes_circuitales\Maldonado.pdf
226,DBA,1,12285,San Carlos,"Municipio, Treinta y Tres y Sarandí",410,S,N,planes_circuitales\Maldonado.pdf
227,DBA,12286,14504,San Carlos,Sociedad Unión. L. Olivera y T. y Tres.,410,S,N,planes_circuitales\Maldonado.pdf
228,DBA,14505,15878,San Carlos,Museo Regional Carolino. L. Olivera y Reyles,400,S,N,planes_circuitales\Maldonado.pdf
229,DBA,15879,17076,San Carlos,"COFUEMA, Leonardo Olivera c/ Treinta y Tres",400,S,N,planes_circuitales\Maldonado.pdf
230,DBA,17077,18285,San Carlos,"Liceo No 1, Maurente y T. y Tres",400,S,N,planes_circuitales\Maldonado.pdf
231,DBA,18286,19183,San Carlos,"Liceo No 1, Maurente y T. y Tres",400,S,N,planes_circuitales\Maldonado.pdf
DBA,19184,20094,San Carlos,"Liceo No 1, Maurente y T. y Tres",400,S,N,,planes_circuitales\Maldonado.pdf
233,DBA,20095,20884,San Carlos,"Liceo No 1, Maurente y T. y Tres",400,S,N,planes_circuitales\Maldonado.pdf
234,DBA,20885,21762,San Carlos,"Liceo No 1, Maurente y T. y Tres (Hall)",400,S,N,planes_circuitales\Maldonado.pdf
235,DBA,21763,22818,San Carlos,"Liceo No 1, Maurente y T. y Tres (Hall)",400,S,N,planes_circuitales\Maldonado.pdf
236,DBA,22819,23485,San Carlos,"U.T.U., Alvariza c/ 18 de julio",400,S,N,planes_circuitales\Maldonado.pdf
237,DBA,23486,24211,San Carlos,"U.T.U., Alvariza c/ 18 de julio",400,S,N,planes_circuitales\Maldonado.pdf
238,DBA,24212,25028,San Carlos,"U.T.U., Alvariza c/ 18 de julio",400,S,N,planes_circuitales\Maldonado.pdf
239,DBA,25029,25652,San Carlos,"CA.CE.PA., 18 de julio 970",400,S,N,planes_circuitales\Maldonado.pdf
240,DBA,25653,26326,San Carlos,"Casa de la Cultura, 18 c/ Curbelo",400,S,N,planes_circuitales\Maldonado.pdf
241,DBA,26327,27035,San Carlos,"Hall Ex Cine S. Carlos, Sarandí entre 18 y T. y Tres",400,S,N,planes_circuitales\Maldonado.pdf
242,DBA,27036,27839,San Carlos,"Colegio HH.DD., 18 de julio c/ Maldonado",400,S,N,planes_circuitales\Maldonado.pdf
243,DBA,27840,28408,San Carlos,"Colegio HH.DD., 18 de julio c/ Maldonado",400,S,N,planes_circuitales\Maldonado.pdf
244,DBA,28409,29010,San Carlos,"Colegio HH.DD., 18 de julio c/ Maldonado",400,S,N,planes_circuitales\Maldonado.pdf
245,DBA,29011,29623,San Carlos,"Colegio HH.DD., 18 de julio c/ Maldonado",400,S,N,planes_circuitales\Maldonado.pdf
246,DBA,29624,30282,San Carlos,"B.P.S., 18 de Julio y Maldonado",400,S,N,planes_circuitales\Maldonado.pdf
247,DBA,30283,30992,San Carlos,"CACFIMM, Treinta y Tres c/ Rocha",400,S,N,planes_circuitales\Maldonado.pdf
248,DBA,30993,31534,San Carlos,"CACFIMM, Treinta y Tres c/ Rocha",400,S,N,planes_circuitales\Maldonado.pdf
249,DBA,31535,32146,San Carlos,"Escuela de Música, Treinta y Tres c/ Olivera",400,S,N,planes_circuitales\Maldonado.pdf
250,DBA,32147,32728,San Carlos,"Club Atlético Atenas, Avda. Rocha c/ Treinta y Treinta",400,S,N,planes_circuitales\Maldonado.pdf
251,DBA,32729,33327,San Carlos,"Club Atlético Atenas, Avda. Rocha c/ Treinta y Treinta",400,S,N,planes_circuitales\Maldonado.pdf
252,DBA,33328,33935,San Carlos,"Escuela No 3, 25 de agosto c/ Maldonado",400,S,N,planes_circuitales\Maldonado.pdf
253,DBA,33936,34513,San Carlos,"Escuela No 3, 25 de agosto c/ Maldonado",400,S,N,planes_circuitales\Maldonado.pdf
254,DBA,34514,35009,San Carlos,"Escuela No 3, Maldonado c/  25 de Agosto",400,S,N,planes_circuitales\Maldonado.pdf
255,DBA,35010,35507,San Carlos,"Escuela No 3, Maldonado c/  25 de Agosto",400,S,N,planes_circuitales\Maldonado.pdf
256,DBA,35508,36012,San Carlos,"AFUJE, 25 de agosto c/ Curbelo",400,S,N,planes_circuitales\Maldonado.pdf
257,DBA,36013,36533,San Carlos,"Colegio FINNI, 25 de agosto c/ Soler",400,S,N,planes_circuitales\Maldonado.pdf
258,DBA,36534,37058,San Carlos,"Colegio FINNI, 25 de agosto c/ Soler",400,S,N,planes_circuitales\Maldonado.pdf
259,DBA,37059,37515,San Carlos,"Asociación de Jubilados, 25 de agosto c/ Maurente",400,S,N,planes_circuitales\Maldonado.pdf
260,DBA,37516,37967,San Carlos,"Asociación de Jubilados, 25 de agosto c/ Maurente",400,S,N,planes_circuitales\Maldonado.pdf
261,DBA,37968,38440,San Carlos,"CE.DEM.CAR, Ejido y Maurente (Hall Piscina)",400,S,N,planes_circuitales\Maldonado.pdf
262,DBA,38441,38932,San Carlos,"CE.DEM.CAR, Ejido y Maurente (Hall Piscina)",400,S,N,planes_circuitales\Maldonado.pdf
DBA,38933,39428,San Carlos,"CE.DEM.CAR, Ejido y Maurente (Hall Piscina)",400,S,N,,planes_circuitales\Maldonado.pdf
264,DBA,39429,39916,San Carlos,"CE.DEM.CAR, Cont. Sarandí",400,S,N,planes_circuitales\Maldonado.pdf
265,DBA,39917,40383,San Carlos,"CE.DEM.CAR, Cont. Sarandí",400,S,N,planes_circuitales\Maldonado.pdf
266,DBA,40384,40826,San Carlos,"CE.DEM.CAR, Cont. Sarandí",400,S,N,planes_circuitales\Maldonado.pdf
267,DBA,40827,41273,San Carlos,"Instituto San Carlos, Rincón c/ Ituzaingó",400,S,N,planes_circuitales\Maldonado.pdf
268,DBA,41274,41701,San Carlos,"Instituto San Carlos, Rincón c/ Ituzaingó",400,S,N,planes_circuitales\Maldonado.pdf
269,DBA,41702,42117,San Carlos,"Instituto Educativo Carolino, Curbelo c/ Ramirez",400,S,N,planes_circuitales\Maldonado.pdf
270,DBA,42118,42530,San Carlos,"Instituto Educativo Carolino, Curbelo c/ Ramirez",400,S,N,planes_circuitales\Maldonado.pdf
271,DBA,42531,42972,San Carlos,"Instituto ANGLO, Carlos Reyles esq. Curbelo",409,S,N,planes_circuitales\Maldonado.pdf
272,DBB,1,989,Part. Norte,Escuela No 29,93,S,S,planes_circuitales\Maldonado.pdf
273,DBD,1,380,Lavagna,"Liceo No 2,  Avda. Rodó",343,S,N,planes_circuitales\Maldonado.pdf
274,DBD,381,762,Lavagna,"Liceo No 2,  Avda. Rodó",343,S,N,planes_circuitales\Maldonado.pdf
275,DBD,763,1118,Lavagna,"Escuela No 10, Cont. Avda. Rodó",343,S,N,planes_circuitales\Maldonado.pdf
276,DBD,1119,1472,Lavagna,"Escuela No 10, Cont. Avda. Rodó",344,S,N,planes_circuitales\Maldonado.pdf
277,DBE,1,351,La Cuchilla,"Escuela No 8, Carlos Reyles y Ceberio",320,S,N,planes_circuitales\Maldonado.pdf
278,DBE,352,699,La Cuchilla,"Escuela No 8, Carlos Reyles y Ceberio",320,S,N,planes_circuitales\Maldonado.pdf
279,DBE,700,1026,La Cuchilla,"Escuela No 98, Ruta 39 Vieja pasando Tomás Berreta",320,S,N,planes_circuitales\Maldonado.pdf
280,DBE,1027,1356,La Cuchilla,"Escuela No 98, Ruta 39 Vieja pasando Tomás Berreta",322,S,N,planes_circuitales\Maldonado.pdf
281,DBF,1,378,Rodriguez Barrios,Escuela No 53,324,S,N,planes_circuitales\Maldonado.pdf
282,DBF,379,734,Rodriguez Barrios,Escuela No 53,324,S,N,planes_circuitales\Maldonado.pdf
283,DBF,735,1069,Rodriguez Barrios,Comunal Bo. Rodriguez Barrios,324,S,N,planes_circuitales\Maldonado.pdf
284,DBF,1070,1406,Rodriguez Barrios,Comunal Bo. Rodriguez Barrios,327,S,N,planes_circuitales\Maldonado.pdf
285,DBG,1,414,Asturias,Comunal Asturias,365,S,N,planes_circuitales\Maldonado.pdf
286,DBG,415,815,Asturias,"Escuela No 80, Grito de Asencio y Ceberio",365,S,N,planes_circuitales\Maldonado.pdf
287,DBG,816,1197,Asturias,Escuela No 13,365,S,N,planes_circuitales\Maldonado.pdf
288,DBG,1198,1569,Asturias,Escuela No 13,366,S,N,planes_circuitales\Maldonado.pdf
289,DCA,1,6857,Pan de Azúcar,"Instituto IEPA, Leonardo Olivera C/ Ituzaingó",390,S,N,planes_circuitales\Maldonado.pdf
290,DCA,6858,8162,Pan de Azúcar,"Instituto IEPA, Leonardo Olivera C/ Ituzaingó",390,S,N,planes_circuitales\Maldonado.pdf
291,DCA,8163,8959,Pan de Azúcar,"Casa Parroquial, General Artigas",390,S,N,planes_circuitales\Maldonado.pdf
292,DCA,8960,9688,Pan de Azúcar,"Liceo, Ruta 60",390,S,N,planes_circuitales\Maldonado.pdf
293,DCA,9689,10525,Pan de Azúcar,"Liceo, Ruta 60",390,S,N,planes_circuitales\Maldonado.pdf
295,DCA,11179,11790,Pan de Azúcar,"Liceo, Ruta 60",390,S,N,planes_circuitales\Maldonado.pdf
296,DCA,11791,12395,Pan de Azúcar,"Liceo, Ruta 60",390,S,N,planes_circuitales\Maldonado.pdf
297,DCA,12396,12934,Pan de Azúcar,"Liceo, Ruta 60",390,S,N,planes_circuitales\Maldonado.pdf
298,DCA,12935,13471,Pan de Azúcar,"Escuela No 54, Enrique Brun",390,S,N,planes_circuitales\Maldonado.pdf
299,DCA,13472,13966,Pan de Azúcar,"Escuela No 78, Indio Miguel",390,S,N,planes_circuitales\Maldonado.pdf
300,DCA,13967,14416,Pan de Azúcar,"U.T.U., Félix de Lizarza",390,S,N,planes_circuitales\Maldonado.pdf
301,DCA,14417,14870,Pan de Azúcar,"U.T.U., Félix de Lizarza",390,S,N,planes_circuitales\Maldonado.pdf
302,DCA,14871,15334,Pan de Azúcar,"AJUPENPAZO, Félix de Lizarza",390,S,N,planes_circuitales\Maldonado.pdf
303,DCA,15335,15758,Pan de Azúcar,"AJUPENPAZO, Félix de Lizarza",390,S,N,planes_circuitales\Maldonado.pdf
304,DCA,15759,16179,Pan de Azúcar,"Centro Progreso, Félix de Lizarza",390,S,N,planes_circuitales\Maldonado.pdf
305,DCA,16180,16586,Pan de Azúcar,"Centro Retirados Militares, Ituzaingó",390,S,N,planes_circuitales\Maldonado.pdf
306,DCA,16587,16982,Pan de Azúcar,"Centro Retirados Militares, Ituzaingó",390,S,N,planes_circuitales\Maldonado.pdf
307,DCA,16983,17393,Pan de Azúcar,"Anexo Hospital, Fco. Bonilla",397,S,N,planes_circuitales\Maldonado.pdf
308,DCB,1,4471,Piriápolis,Casa de la Cultura,410,S,N,planes_circuitales\Maldonado.pdf
309,DCB,4472,5662,Piriápolis,Casa de la Cultura,400,S,N,planes_circuitales\Maldonado.pdf
310,DCB,5663,6633,Piriápolis,Casa de la Cultura,400,S,N,planes_circuitales\Maldonado.pdf
311,DCB,6634,7518,Piriápolis,"Liceo, Tucumán",400,S,N,planes_circuitales\Maldonado.pdf
312,DCB,7519,8279,Piriápolis,"Liceo, Tucumán",400,S,N,planes_circuitales\Maldonado.pdf
313,DCB,8280,8948,Piriápolis,"Liceo, Tucumán",400,S,N,planes_circuitales\Maldonado.pdf
314,DCB,8949,9640,Piriápolis,"Liceo, Tucumán",400,S,N,planes_circuitales\Maldonado.pdf
315,DCB,9641,10280,Piriápolis,"Liceo, Tucumán",400,S,N,planes_circuitales\Maldonado.pdf
316,DCB,10281,10946,Piriápolis,"Liceo, Tucumán",400,S,N,planes_circuitales\Maldonado.pdf
317,DCB,10947,11562,Piriápolis,"Liceo, Tucumán",400,S,N,planes_circuitales\Maldonado.pdf
318,DCB,11563,12101,Piriápolis,"Gimnasio del Liceo, Tucumán",400,S,N,planes_circuitales\Maldonado.pdf
319,DCB,12102,12673,Piriápolis,"Gimnasio del Liceo, Tucumán",400,S,N,planes_circuitales\Maldonado.pdf
320,DCB,12674,13159,Piriápolis,"Escuela No 52, Sanabria",400,S,N,planes_circuitales\Maldonado.pdf
321,DCB,13160,13637,Piriápolis,"Escuela No 52, Sanabria",400,S,N,planes_circuitales\Maldonado.pdf
322,DCB,13638,14143,Piriápolis,"Escuela No 52, Sanabria",400,S,N,planes_circuitales\Maldonado.pdf
323,DCB,14144,14618,Piriápolis,"Escuela No 52, Sanabria",400,S,N,planes_circuitales\Maldonado.pdf
324,DCB,14619,15072,Piriápolis,"Colegio San Francisco, Sanabria",400,S,N,planes_circuitales\Maldonado.pdf
DCB,15073,15526,Piriápolis,"Colegio San Francisco, Sanabria",400,S,N,,planes_circuitales\Maldonado.pdf
326.0,DCB,15527,15967,Piriápolis,"Colegio San Francisco, Sanabria",400.0,S,N,planes_circuitales\Maldonado.pdf
327.0,DCB,15968,16432,Piriápolis,"Colegio San Francisco, Sanabria",400.0,S,N,planes_circuitales\Maldonado.pdf
328.0,DCB,16433,16859,Piriápolis,"O.S.E., Avda. Artigas",400.0,S,N,planes_circuitales\Maldonado.pdf
329.0,DCB,16860,17281,Piriápolis,"Desarrollo Social, Avda. Piria No 941",400.0,S,N,planes_circuitales\Maldonado.pdf
330.0,DCB,17282,17699,Piriápolis,"Piriápolis F.C., Frente a la Terminal",400.0,S,N,planes_circuitales\Maldonado.pdf
331.0,DCB,17700,18109,Piriápolis,"Piriápolis F.C., Frente a la Terminal",400.0,S,N,planes_circuitales\Maldonado.pdf
332.0,DCB,18110,18515,Piriápolis,"A.PRO.TUR., Rambla de los Argentinos",400.0,S,N,planes_circuitales\Maldonado.pdf
333.0,DCB,18516,18923,Piriápolis,Casa Parroquial de Piriápolis,400.0,S,N,planes_circuitales\Maldonado.pdf
334.0,DCB,18924,19333,Piriápolis,"Galileo Galilei, Uruguay c/ Defensa",400.0,S,N,planes_circuitales\Maldonado.pdf
335.0,DCB,19334,19741,Piriápolis,"Galileo Galilei, Uruguay c/ Defensa",400.0,S,N,planes_circuitales\Maldonado.pdf
336.0,DCB,19742,20194,Piriápolis,"Piscina Piriápolis, Frente al Municipio",404.0,S,N,planes_circuitales\Maldonado.pdf
337.0,DCC,1,768,S. de P. de Azúcar,Escuela No 72,57.0,S,S,planes_circuitales\Maldonado.pdf
338.0,DCD,1,3055,Gregorio Aznárez,Escuela No 17,272.0,S,S,planes_circuitales\Maldonado.pdf
339.0,DCD,3056,3981,Gregorio Aznárez,Escuela No 17,272.0,S,S,planes_circuitales\Maldonado.pdf
340.0,DCD,3982,4391,Gregorio Aznárez,Escuela No 17,272.0,S,S,planes_circuitales\Maldonado.pdf
341.0,DCD,4392,4723,Gregorio Aznárez,Municipio de Solis Grande,272.0,S,S,planes_circuitales\Maldonado.pdf
342.0,DCD,4724,5025,Gregorio Aznárez,Casa de la Cultura,272.0,S,S,planes_circuitales\Maldonado.pdf
343.0,DCD,5026,5310,Gregorio Aznárez,U.T.U.  (CINE),277.0,S,S,planes_circuitales\Maldonado.pdf
344.0,DCE,1,776,Solís Arriba,Escuela No 22,69.0,S,S,planes_circuitales\Maldonado.pdf
345.0,DCF,1,1560,Las Flores,Comunal Las Flores,235.0,S,S,planes_circuitales\Maldonado.pdf
346.0,DCF,1561,1990,Las Flores,Escuela No 69,235.0,S,S,planes_circuitales\Maldonado.pdf
347.0,DCF,1991,2278,Las Flores,Escuela No 69,235.0,S,S,planes_circuitales\Maldonado.pdf
348.0,DCF,2279,2528,Las Flores,Escuela No 69,236.0,S,S,planes_circuitales\Maldonado.pdf
349.0,DCG,1,4,La Capuera,Escuela No 108,3.0,S,N,planes_circuitales\Maldonado.pdf
350.0,DDA,1,2194,Mataojo,Escuela No 30,234.0,S,S,planes_circuitales\Maldonado.pdf
351.0,DDB,1,701,Guardia Vieja,Escuela No 47. Estación Repecho,49.0,S,S,planes_circuitales\Maldonado.pdf
352.0,DDC,1,734,"CarapéCaracoles",Escuela No 20,59.0,S,S,planes_circuitales\Maldonado.pdf
,DBC,1,247,5,,,,,planes_circuitales\Maldonado.pdf
353.0,DDD,1,812,Coronilla,Escuela No 32,50.0,S,S,planes_circuitales\Maldonado.pdf
354.0,DEA,1,2104,Garzón,Casa de la Cultura,185.0,S,S,planes_circuitales\Maldonado.pdf
,DEB,1,424,G. Arriba,,3,,,planes_circuitales\Maldonado.pdf
356.0,DEC,1,1047,Izcua,Escuela No 43,102,S,S,planes_circuitales\Maldonado.pdf
357.0,DED,1,2181,La Barra,"Escuela No 19, La Barra",400,S,N,planes_circuitales\Maldonado.pdf
358.0,DED,2182,2877,La Barra,"Escuela No 19, La Barra",400,S,N,planes_circuitales\Maldonado.pdf
359.0,DED,2878,3426,La Barra,"Escuela No 19, La Barra",400,S,N,planes_circuitales\Maldonado.pdf
360.0,DED,3427,3883,La Barra,"O.S.E., Salvador Pallas y Los Romances",400,S,N,planes_circuitales\Maldonado.pdf
361.0,DED,3884,4301,La Barra,"Comunal ""El Tesoro"", Eguzquiza y Mastra",400,S,N,planes_circuitales\Maldonado.pdf
362.0,DED,4302,4695,La Barra,Of. Desconcentrada de Manantiales. Ruta 10,386,S,N,planes_circuitales\Maldonado.pdf
363.0,DEE,1,1988,Corte de la Leña,Escuela No 63,121,S,S,planes_circuitales\Maldonado.pdf
364.0,DEF,1,1059,Las Cañas,Escuela No 62,68,S,S,planes_circuitales\Maldonado.pdf
365.0,DEG,1,187,Faro de J. Ignacio,Escuela No 88,170,S,S,planes_circuitales\Maldonado.pdf
366.0,DEG,188,362,Faro de J. Ignacio,"Policlínica, Calle Schickendantz",171,S,S,planes_circuitales\Maldonado.pdf
367.0,DEH,1,420,Pago de la Paja,"Escuela No 102, Bal. Bs. As.",367,S,S,planes_circuitales\Maldonado.pdf
368.0,DEH,421,800,Pago de la Paja,"Escuela No 102, Bal. Bs. As.",367,S,S,planes_circuitales\Maldonado.pdf
369.0,DEH,801,1180,Pago de la Paja,Comunal Bal. Buenos Aires.,369,S,S,planes_circuitales\Maldonado.pdf
370.0,DFA,1,7840,Aiguá,"Municipio, 25 agosto",373,S,N,planes_circuitales\Maldonado.pdf
371.0,DFA,7841,8872,Aiguá,"Municipio, 25 agosto",373,S,N,planes_circuitales\Maldonado.pdf
372.0,DFA,8873,9561,Aiguá,"Liceo, Calle Draper",373,S,N,planes_circuitales\Maldonado.pdf
373.0,DFA,9562,10145,Aiguá,"CEDEMA, W. Ferreira Aldunate y Gral. Lavalleja",373,S,N,planes_circuitales\Maldonado.pdf
374.0,DFA,10146,10618,Aiguá,"Escuela No 9, Gral. Artigas",373,S,N,planes_circuitales\Maldonado.pdf
375.0,DFA,10619,11048,Aiguá,"Escuela No 9, Gral. Artigas",373,S,N,planes_circuitales\Maldonado.pdf
376.0,DFA,11049,11442,Aiguá,"Escuela No 9, Gral. Artigas",379,S,N,planes_circuitales\Maldonado.pdf
377.0,DFB,1,1182,Los Talas,Escuela No 67,157,S,S,planes_circuitales\Maldonado.pdf
