Circuito,Serie,Desde,Hasta,Localidad,Local,Habilitados,Accesible,Urb/Rur,32,KAA,41778,42250,Escuela No. 94,33 Orientales 1079,400,N,URBANO,57,KBA,30390,31065,Sociedad Española,Leandro Gomez 1192,84,KCA,12232,12793,Jardín de Infantes No. 103,de Mauá,410,Unnamed: 0,Unnamed: 1,110,KCB,10446,11587,Liceo No. 4,Bulevar Artigas N 1198,S,138,30463,30984,Escuela No. 114,Artigas,167,KCC,6005,6644,Liceo Franscisco,Dr. Roldán 3245,392,195,KDB,3899,4326,Escuela No. 14,Pueblo Porvenir,281,RURAL,227,KEE,1,795,Escuela Nro. 49,Piedra Sola,135,259,KHA,546,Escuela Nro. 76,Paso Castel de Corrales,9,file
1.0,KAA,1.0,15204.0,Liceo No. 5,Silván Fernandez 975,410.0,S,URBANO,,,,,,,,,,,,,,,,,,,,,,,,,,,,,,,,,,,,,,,,,,,,,,,,,,,,,,,,,,,,,,,,,planes_circuitales\Paysandu.pdf
2.0,KAA,15205.0,17398.0,Liceo No. 5,Silván Fernandez 975,410.0,S,URBANO,,,,,,,,,,,,,,,,,,,,,,,,,,,,,,,,,,,,,,,,,,,,,,,,,,,,,,,,,,,,,,,,,planes_circuitales\Paysandu.pdf
3.0,KAA,17399.0,19318.0,Liceo No. 1,18 de Julio 685,410.0,S,URBANO,,,,,,,,,,,,,,,,,,,,,,,,,,,,,,,,,,,,,,,,,,,,,,,,,,,,,,,,,,,,,,,,,planes_circuitales\Paysandu.pdf
4.0,KAA,19319.0,20807.0,Liceo No. 1,18 de Julio 685,410.0,S,URBANO,,,,,,,,,,,,,,,,,,,,,,,,,,,,,,,,,,,,,,,,,,,,,,,,,,,,,,,,,,,,,,,,,planes_circuitales\Paysandu.pdf
5.0,KAA,20808.0,22002.0,Liceo No. 1,18 de Julio 685,410.0,S,URBANO,,,,,,,,,,,,,,,,,,,,,,,,,,,,,,,,,,,,,,,,,,,,,,,,,,,,,,,,,,,,,,,,,planes_circuitales\Paysandu.pdf
6.0,KAA,22003.0,23093.0,Espacio GOBBI,18 de Julio y Baltasar Brum,410.0,S,URBANO,,,,,,,,,,,,,,,,,,,,,,,,,,,,,,,,,,,,,,,,,,,,,,,,,,,,,,,,,,,,,,,,,planes_circuitales\Paysandu.pdf
7.0,KAA,23094.0,24315.0,Espacio GOBBI,18 de Julio y Baltasar Brum,410.0,S,URBANO,,,,,,,,,,,,,,,,,,,,,,,,,,,,,,,,,,,,,,,,,,,,,,,,,,,,,,,,,,,,,,,,,planes_circuitales\Paysandu.pdf
8.0,KAA,24316.0,25292.0,Escuela No. 1,Zelmar Michelini y Uruguay,410.0,S,URBANO,,,,,,,,,,,,,,,,,,,,,,,,,,,,,,,,,,,,,,,,,,,,,,,,,,,,,,,,,,,,,,,,,planes_circuitales\Paysandu.pdf
9.0,KAA,25293.0,26267.0,Escuela No. 1,Zelmar Michelini y Uruguay,410.0,S,URBANO,,,,,,,,,,,,,,,,,,,,,,,,,,,,,,,,,,,,,,,,,,,,,,,,,,,,,,,,,,,,,,,,,planes_circuitales\Paysandu.pdf
10.0,KAA,26268.0,27312.0,AJUPE,Uruguay 775,410.0,S,URBANO,,,,,,,,,,,,,,,,,,,,,,,,,,,,,,,,,,,,,,,,,,,,,,,,,,,,,,,,,,,,,,,,,planes_circuitales\Paysandu.pdf
11.0,KAA,27313.0,28358.0,Club de Leones Paysandú,Washington 845,410.0,S,URBANO,,,,,,,,,,,,,,,,,,,,,,,,,,,,,,,,,,,,,,,,,,,,,,,,,,,,,,,,,,,,,,,,,planes_circuitales\Paysandu.pdf
12.0,KAA,28359.0,29217.0,INAU,Baltasar Brum 980,410.0,S,URBANO,,,,,,,,,,,,,,,,,,,,,,,,,,,,,,,,,,,,,,,,,,,,,,,,,,,,,,,,,,,,,,,,,planes_circuitales\Paysandu.pdf
13.0,KAA,29218.0,30101.0,INAU,Baltasar Brum 980,410.0,S,URBANO,,,,,,,,,,,,,,,,,,,,,,,,,,,,,,,,,,,,,,,,,,,,,,,,,,,,,,,,,,,,,,,,,planes_circuitales\Paysandu.pdf
14.0,KAA,30102.0,31095.0,Cajupay,Libertad 988,410.0,S,URBANO,,,,,,,,,,,,,,,,,,,,,,,,,,,,,,,,,,,,,,,,,,,,,,,,,,,,,,,,,,,,,,,,,planes_circuitales\Paysandu.pdf
15.0,KAA,31096.0,31760.0,Escuela Italiana,Florida 830,410.0,N,URBANO,,,,,,,,,,,,,,,,,,,,,,,,,,,,,,,,,,,,,,,,,,,,,,,,,,,,,,,,,,,,,,,,,planes_circuitales\Paysandu.pdf
16.0,KAA,31761.0,32486.0,Casa de Cultura,Leandro Gómez 852,400.0,S,URBANO,,,,,,,,,,,,,,,,,,,,,,,,,,,,,,,,,,,,,,,,,,,,,,,,,,,,,,,,,,,,,,,,,planes_circuitales\Paysandu.pdf
17.0,KAA,32487.0,33320.0,Liceo Pyaguazu,33 Orientales 865,400.0,N,URBANO,,,,,,,,,,,,,,,,,,,,,,,,,,,,,,,,,,,,,,,,,,,,,,,,,,,,,,,,,,,,,,,,,planes_circuitales\Paysandu.pdf
18.0,KAA,33321.0,33993.0,Liceo Pyaguazu,33 Orientales 865,400.0,N,URBANO,,,,,,,,,,,,,,,,,,,,,,,,,,,,,,,,,,,,,,,,,,,,,,,,,,,,,,,,,,,,,,,,,planes_circuitales\Paysandu.pdf
19.0,KAA,33994.0,34654.0,Escuela Padre Lamas,Independencia 629,400.0,S,URBANO,,,,,,,,,,,,,,,,,,,,,,,,,,,,,,,,,,,,,,,,,,,,,,,,,,,,,,,,,,,,,,,,,planes_circuitales\Paysandu.pdf
20.0,KAA,34655.0,35377.0,Escuela Padre Lamas,Independencia 629,400.0,S,URBANO,,,,,,,,,,,,,,,,,,,,,,,,,,,,,,,,,,,,,,,,,,,,,,,,,,,,,,,,,,,,,,,,,planes_circuitales\Paysandu.pdf
21.0,KAA,35378.0,36119.0,Escuela Padre Lamas,Independencia 629,400.0,S,URBANO,,,,,,,,,,,,,,,,,,,,,,,,,,,,,,,,,,,,,,,,,,,,,,,,,,,,,,,,,,,,,,,,,planes_circuitales\Paysandu.pdf
22.0,KAA,36120.0,36718.0,Escuela Padre Lamas,Independencia 629,400.0,S,URBANO,,,,,,,,,,,,,,,,,,,,,,,,,,,,,,,,,,,,,,,,,,,,,,,,,,,,,,,,,,,,,,,,,planes_circuitales\Paysandu.pdf
23.0,KAA,36719.0,37354.0,Parroquia Sagrado Corazon,Setembrino Pereda 694,400.0,N,URBANO,,,,,,,,,,,,,,,,,,,,,,,,,,,,,,,,,,,,,,,,,,,,,,,,,,,,,,,,,,,,,,,,,planes_circuitales\Paysandu.pdf
,,,,,,,,,33.0,KAA,42251.0,42685.0,Escuela No.  94,33 Orientales 1079,400.0,N,URBANO,,,,,,,,,,,,,,,,,,,,,,,,,,,,,,,,,,,,,,,,,,,,,,,,,,,,,,,,planes_circuitales\Paysandu.pdf
,,,,,,,,,34.0,KAA,42686.0,43123.0,"Centro UniversitarioPaysandú",Florida 1065,400.0,S,URBANO,,,,,,,,,,,,,,,,,,,,,,,,,,,,,,,,,,,,,,,,,,,,,,,,,,,,,,,,planes_circuitales\Paysandu.pdf
,,,,,,,,,35.0,KAA,43124.0,43567.0,"Centro UniversitarioPaysandú",Florida 1065,400.0,S,URBANO,,,,,,,,,,,,,,,,,,,,,,,,,,,,,,,,,,,,,,,,,,,,,,,,,,,,,,,,planes_circuitales\Paysandu.pdf
,,,,,,,,,36.0,KAA,43568.0,44001.0,"Centro UniversitarioPaysandú",Florida 1065,400.0,S,URBANO,,,,,,,,,,,,,,,,,,,,,,,,,,,,,,,,,,,,,,,,,,,,,,,,,,,,,,,,planes_circuitales\Paysandu.pdf
,,,,,,,,,37.0,KAA,44002.0,44423.0,MIDES,Florida 1066,400.0,S,URBANO,,,,,,,,,,,,,,,,,,,,,,,,,,,,,,,,,,,,,,,,,,,,,,,,,,,,,,,,planes_circuitales\Paysandu.pdf
,,,,,,,,,38.0,KAA,44424.0,44839.0,Escuela No. 91,Florida 969,400.0,N,URBANO,,,,,,,,,,,,,,,,,,,,,,,,,,,,,,,,,,,,,,,,,,,,,,,,,,,,,,,,planes_circuitales\Paysandu.pdf
,,,,,,,,,39.0,KAA,44840.0,45246.0,Escuela No. 91,Florida 969,400.0,N,URBANO,,,,,,,,,,,,,,,,,,,,,,,,,,,,,,,,,,,,,,,,,,,,,,,,,,,,,,,,planes_circuitales\Paysandu.pdf
,,,,,,,,,40.0,KAA,45247.0,45702.0,Centro Comercial e Industrial,Florida 983,405.0,N,URBANO,,,,,,,,,,,,,,,,,,,,,,,,,,,,,,,,,,,,,,,,,,,,,,,,,,,,,,,,planes_circuitales\Paysandu.pdf
,,,,,,,,,41.0,KBA,1.0,13817.0,"Colegio Nuestra Señora delRosario",Ingreso por 18 de Julio esq. Vizconde de Mauá,410.0,S,URBANO,,,,,,,,,,,,,,,,,,,,,,,,,,,,,,,,,,,,,,,,,,,,,,,,,,,,,,,,planes_circuitales\Paysandu.pdf
,,,,,,,,,42.0,KBA,13818.0,16114.0,"Colegio Nuestra Señora delRosario",Ingreso por 18 de Julio esq. Vizconde de Mauá,410.0,S,URBANO,,,,,,,,,,,,,,,,,,,,,,,,,,,,,,,,,,,,,,,,,,,,,,,,,,,,,,,,planes_circuitales\Paysandu.pdf
,,,,,,,,,43.0,KBA,16115.0,17828.0,"Colegio Nuestra Señora delRosario",Ingreso por 18 de Julio esq. Vizconde de Mauá,410.0,S,URBANO,,,,,,,,,,,,,,,,,,,,,,,,,,,,,,,,,,,,,,,,,,,,,,,,,,,,,,,,planes_circuitales\Paysandu.pdf
,,,,,,,,,44.0,KBA,17829.0,19144.0,I. F. D,Florida 1181,410.0,S,URBANO,,,,,,,,,,,,,,,,,,,,,,,,,,,,,,,,,,,,,,,,,,,,,,,,,,,,,,,,planes_circuitales\Paysandu.pdf
,,,,,,,,,45.0,KBA,19145.0,20283.0,I. F. D,Florida 1181,410.0,S,URBANO,,,,,,,,,,,,,,,,,,,,,,,,,,,,,,,,,,,,,,,,,,,,,,,,,,,,,,,,planes_circuitales\Paysandu.pdf
,,,,,,,,,46.0,KBA,20284.0,21451.0,I. F. D,Florida 1181,410.0,S,URBANO,,,,,,,,,,,,,,,,,,,,,,,,,,,,,,,,,,,,,,,,,,,,,,,,,,,,,,,,planes_circuitales\Paysandu.pdf
,,,,,,,,,47.0,KBA,21452.0,22408.0,CAIF Centro,18 de Julio 1224,410.0,N,URBANO,,,,,,,,,,,,,,,,,,,,,,,,,,,,,,,,,,,,,,,,,,,,,,,,,,,,,,,,planes_circuitales\Paysandu.pdf
,,,,,,,,,48.0,KBA,22409.0,23351.0,"Inspección Departamental deEscuelas",18 de Julio 1174,410.0,S,URBANO,,,,,,,,,,,,,,,,,,,,,,,,,,,,,,,,,,,,,,,,,,,,,,,,,,,,,,,,planes_circuitales\Paysandu.pdf
,,,,,,,,,49.0,KBA,23352.0,24386.0,Mercado Municipal,Montevideo esq. Sarandí,410.0,N,URBANO,,,,,,,,,,,,,,,,,,,,,,,,,,,,,,,,,,,,,,,,,,,,,,,,,,,,,,,,planes_circuitales\Paysandu.pdf
,,,,,,,,,,,,,,,400.0,N,URBANO,58.0,KBA,31066.0,31740.0,Ministerio de Trabajo,Leandro Gomez 1279,,,,,,,,,,,,,,,,,,,,,,,,,,,,,,,,,,,,,,,,,,,,,,,,,,planes_circuitales\Paysandu.pdf
,,,,,,,,,,,,,,,400.0,S,URBANO,59.0,KBA,31741.0,32397.0,Liceo No. 7,25 de Mayo Esq. Dr. Felippone,,,,,,,,,,,,,,,,,,,,,,,,,,,,,,,,,,,,,,,,,,,,,,,,,,planes_circuitales\Paysandu.pdf
,,,,,,,,,,,,,,,400.0,S,URBANO,60.0,KBA,32398.0,32979.0,Liceo No. 7,25 de Mayo Esq. Dr. Felippone,,,,,,,,,,,,,,,,,,,,,,,,,,,,,,,,,,,,,,,,,,,,,,,,,,planes_circuitales\Paysandu.pdf
,,,,,,,,,,,,,,,400.0,S,URBANO,61.0,KBA,32980.0,33544.0,Liceo No. 7,25 de Mayo Esq. Dr. Felippone,,,,,,,,,,,,,,,,,,,,,,,,,,,,,,,,,,,,,,,,,,,,,,,,,,planes_circuitales\Paysandu.pdf
,,,,,,,,,,,,,,,400.0,S,URBANO,62.0,KBA,33545.0,34067.0,Liceo No. 2,José P. Varela 847,,,,,,,,,,,,,,,,,,,,,,,,,,,,,,,,,,,,,,,,,,,,,,,,,,planes_circuitales\Paysandu.pdf
,,,,,,,,,,,,,,,400.0,S,URBANO,63.0,KBA,34068.0,34576.0,Liceo No. 2,José P. Varela 847,,,,,,,,,,,,,,,,,,,,,,,,,,,,,,,,,,,,,,,,,,,,,,,,,,planes_circuitales\Paysandu.pdf
,,,,,,,,,,,,,,,400.0,S,URBANO,64.0,KBA,34577.0,35073.0,Escuela No. 2,Ituzaingó 1348,,,,,,,,,,,,,,,,,,,,,,,,,,,,,,,,,,,,,,,,,,,,,,,,,,planes_circuitales\Paysandu.pdf
,,,,,,,,,,,,,,,400.0,S,URBANO,65.0,KBA,35074.0,35574.0,Escuela No. 2,Ituzaingó 1348,,,,,,,,,,,,,,,,,,,,,,,,,,,,,,,,,,,,,,,,,,,,,,,,,,planes_circuitales\Paysandu.pdf
,,,,,,,,,,,,,,,400.0,S,URBANO,66.0,KBA,35575.0,36039.0,Escuela No. 2,Ituzaingó 1348,,,,,,,,,,,,,,,,,,,,,,,,,,,,,,,,,,,,,,,,,,,,,,,,,,planes_circuitales\Paysandu.pdf
,,,,,,,,,,,,,,,400.0,S,URBANO,67.0,KBA,36040.0,36470.0,Polideportivo UTU,Artigas casi Zorrilla de San Martín,,,,,,,,,,,,,,,,,,,,,,,,,,,,,,,,,,,,,,,,,,,,,,,,,,planes_circuitales\Paysandu.pdf
,,,,,,,,,,,,,,,400.0,S,URBANO,68.0,KBA,36471.0,36906.0,Polideportivo UTU,Artigas casi Zorrilla de San Martín,,,,,,,,,,,,,,,,,,,,,,,,,,,,,,,,,,,,,,,,,,,,,,,,,,planes_circuitales\Paysandu.pdf
,,,,,,,,,,,,,,,400.0,S,URBANO,69.0,KBA,36907.0,37326.0,Polideportivo UTU,Artigas casi Zorrilla de San Martín,,,,,,,,,,,,,,,,,,,,,,,,,,,,,,,,,,,,,,,,,,,,,,,,,,planes_circuitales\Paysandu.pdf
,,,,,,,,,,,,,,,400.0,S,URBANO,70.0,KBA,37327.0,37736.0,Polideportivo UTU,Artigas casi Zorrilla de San Martín,,,,,,,,,,,,,,,,,,,,,,,,,,,,,,,,,,,,,,,,,,,,,,,,,,planes_circuitales\Paysandu.pdf
,,,,,,,,,,,,,,,408.0,N,URBANO,71.0,KBA,37737.0,38192.0,"Asociación Cristiana deJóvenes",Dr. Luis Alberto de Herrera 820,,,,,,,,,,,,,,,,,,,,,,,,,,,,,,,,,,,,,,,,,,,,,,,,,,planes_circuitales\Paysandu.pdf
,,,,,,,,,,,,,,,410.0,S,URBANO,72.0,KCA,1.0,3482.0,Salón Farol B. Chaplin,Joaquín Suarez y Andresito,,,,,,,,,,,,,,,,,,,,,,,,,,,,,,,,,,,,,,,,,,,,,,,,,,planes_circuitales\Paysandu.pdf
,,,,,,,,,,,,,,,410.0,S,URBANO,73.0,KCA,3483.0,4622.0,Comedor Barrio Chaplin,Ingreso por Andresito y Joaquin Suarez,,,,,,,,,,,,,,,,,,,,,,,,,,,,,,,,,,,,,,,,,,,,,,,,,,planes_circuitales\Paysandu.pdf
,,,,,,,,,,,,,,,410.0,S,URBANO,74.0,KCA,4623.0,5488.0,Salón Comunal COVINORTE,Instrucciones del Año XIII y Bulevar Artigas,,,,,,,,,,,,,,,,,,,,,,,,,,,,,,,,,,,,,,,,,,,,,,,,,,planes_circuitales\Paysandu.pdf
,,,,,,,,,,,,,,,410.0,S,URBANO,75.0,KCA,5489.0,6400.0,CAIF Pintando Soles,Instrucciones del Año XIII y Bulevar Artigas,,,,,,,,,,,,,,,,,,,,,,,,,,,,,,,,,,,,,,,,,,,,,,,,,,planes_circuitales\Paysandu.pdf
,,,,,,,,,,,,,,,410.0,S,URBANO,76.0,KCA,6401.0,7207.0,Escuela No. 89,Proy. 26 N esq. Grito de Asencio,,,,,,,,,,,,,,,,,,,,,,,,,,,,,,,,,,,,,,,,,,,,,,,,,,planes_circuitales\Paysandu.pdf
,,,,,,,,,,,,,,,410.0,S,URBANO,77.0,KCA,7208.0,8039.0,COVISAN 9 (Salón Comunal),Instrucciones del Año XIII esq. Vizconde de Mauá,,,,,,,,,,,,,,,,,,,,,,,,,,,,,,,,,,,,,,,,,,,,,,,,,,planes_circuitales\Paysandu.pdf
,,,,,,,,,,,,,,,410.0,S,URBANO,78.0,KCA,8040.0,8815.0,Escuela No. 57,Vizconde de Mauá esq. Instrucciones del año XIII,,,,,,,,,,,,,,,,,,,,,,,,,,,,,,,,,,,,,,,,,,,,,,,,,,planes_circuitales\Paysandu.pdf
,,,,,,,,,,,,,,,,,,,,,,,,85.0,KCA,12794.0,13393.0,Jardín de Infantes No. 103,"Andresito entre Zorrilla de San Martín y Vizcondede Mauá",410.0,S,URBANO,,,,,,,,,,,,,,,,,,,,,,,,,,,,,,,,,,,,,,,,,planes_circuitales\Paysandu.pdf
,,,,,,,,,,,,,,,,,,,,,,,,86.0,KCA,13394.0,13973.0,"Salón Comunal Coop. 4 deNoviembre","Vizconde de Mauá esq. Alfredo Vázquez Varela(No.7)",410.0,S,URBANO,,,,,,,,,,,,,,,,,,,,,,,,,,,,,,,,,,,,,,,,,planes_circuitales\Paysandu.pdf
,,,,,,,,,,,,,,,,,,,,,,,,87.0,KCA,13974.0,14535.0,COVIANUT,Purificación esq. Zorrilla,410.0,S,URBANO,,,,,,,,,,,,,,,,,,,,,,,,,,,,,,,,,,,,,,,,,planes_circuitales\Paysandu.pdf
,,,,,,,,,,,,,,,,,,,,,,,,88.0,KCA,14536.0,15068.0,Barrio I32,Zorrilla esa. Purificación,410.0,S,URBANO,,,,,,,,,,,,,,,,,,,,,,,,,,,,,,,,,,,,,,,,,planes_circuitales\Paysandu.pdf
,,,,,,,,,,,,,,,,,,,,,,,,89.0,KCA,15069.0,15577.0,Liceo No. 3,Zorrilla de San Martín 1762,410.0,S,URBANO,,,,,,,,,,,,,,,,,,,,,,,,,,,,,,,,,,,,,,,,,planes_circuitales\Paysandu.pdf
,,,,,,,,,,,,,,,,,,,,,,,,90.0,KCA,15578.0,16102.0,Liceo No. 3,Zorrilla de San Martín 1762,410.0,S,URBANO,,,,,,,,,,,,,,,,,,,,,,,,,,,,,,,,,,,,,,,,,planes_circuitales\Paysandu.pdf
,,,,,,,,,,,,,,,,,,,,,,,,91.0,KCA,16103.0,16607.0,Liceo No. 3,Zorrilla de San Martín 1762,410.0,S,URBANO,,,,,,,,,,,,,,,,,,,,,,,,,,,,,,,,,,,,,,,,,planes_circuitales\Paysandu.pdf
,,,,,,,,,,,,,,,,,,,,,,,,92.0,KCA,16608.0,17099.0,Liceo No. 3,Zorrilla de San Martín 1762,410.0,S,URBANO,,,,,,,,,,,,,,,,,,,,,,,,,,,,,,,,,,,,,,,,,planes_circuitales\Paysandu.pdf
,,,,,,,,,,,,,,,,,,,,,,,,93.0,KCA,17100.0,17569.0,COVISAN 8 (Salón Comunal),Andresito N 1161 esq. Zorrilla de San Martín,410.0,S,URBANO,,,,,,,,,,,,,,,,,,,,,,,,,,,,,,,,,,,,,,,,,planes_circuitales\Paysandu.pdf
,,,,,,,,,,,,,,,,,,,,,,,,94.0,KCA,17570.0,18048.0,Salón Comunal Barrio I40,Paralela a Dr. Roldán y Purificación,410.0,S,URBANO,,,,,,,,,,,,,,,,,,,,,,,,,,,,,,,,,,,,,,,,,planes_circuitales\Paysandu.pdf
,,,,,,,,,,,,,,,,,,,,,,,,95.0,KCA,18049.0,18526.0,COVISAN 6 (Salón Comunal),Ayuí y Setembrino Pereda,410.0,S,URBANO,,,,,,,,,,,,,,,,,,,,,,,,,,,,,,,,,,,,,,,,,planes_circuitales\Paysandu.pdf
,,,,,,,,,,,,,,,,,,,,,,,,96.0,KCA,18527.0,18966.0,COVISAN 10 (Salón Comunal),Zorrilla de San Martín e Instrucciones del año XIII,410.0,S,URBANO,,,,,,,,,,,,,,,,,,,,,,,,,,,,,,,,,,,,,,,,,planes_circuitales\Paysandu.pdf
,,,,,,,,,,,,,,,,,,,,,,,,97.0,KCA,18967.0,19404.0,COVISAN 10 (Salón Comunal),Zorrilla de San Martín e Instrucciones del año XIII,410.0,S,URBANO,,,,,,,,,,,,,,,,,,,,,,,,,,,,,,,,,,,,,,,,,planes_circuitales\Paysandu.pdf
,,,,,,,,,,,,,,,,,,,,,,,,98.0,KCA,19405.0,19833.0,Escuela No. 33,L. Batlle Berres y H. Meriggi,410.0,S,URBANO,,,,,,,,,,,,,,,,,,,,,,,,,,,,,,,,,,,,,,,,,planes_circuitales\Paysandu.pdf
,,,,,,,,,,,,,,,,,,,,,,,,99.0,KCA,19834.0,20260.0,Escuela No. 33,L. Batlle Berres y H. Meriggi,400.0,S,URBANO,,,,,,,,,,,,,,,,,,,,,,,,,,,,,,,,,,,,,,,,,planes_circuitales\Paysandu.pdf
,,,,,,,,,,,,,,,,,,,,,,,,100.0,KCA,20261.0,20684.0,Escuela No. 33,L. Batlle Berres y H. Meriggi,400.0,S,URBANO,,,,,,,,,,,,,,,,,,,,,,,,,,,,,,,,,,,,,,,,,planes_circuitales\Paysandu.pdf
,,,,,,,,,,,,,,,,,,,,,,,,101.0,KCA,20685.0,21101.0,Tiro Suizo,Avda. Salto esq. Baldomero Vidal,400.0,N,URBANO,,,,,,,,,,,,,,,,,,,,,,,,,,,,,,,,,,,,,,,,,planes_circuitales\Paysandu.pdf
,,,,,,,,,,,,,,,,,,,,,,,,102.0,KCA,21102.0,21514.0,COVINOR II (Salón Comunal),33 Orientales esq. H. Meriggi,400.0,N,URBANO,,,,,,,,,,,,,,,,,,,,,,,,,,,,,,,,,,,,,,,,,planes_circuitales\Paysandu.pdf
,,,,,,,,,,,,,,,,,URBANO,,,,,,,,,,,,,410.0,,,111.0,KCB,11588.0,12607.0,Escuela No.  42,Joaquín Suarez y Uruguay,N,,,,,,,,,,,,,,,,,,,,,,,,,,,,,,,,,,planes_circuitales\Paysandu.pdf
,,,,,,,,,,,,,,,,,URBANO,,,,,,,,,,,,,410.0,,,112.0,KCB,12608.0,13610.0,Escuela No.  42,Joaquín Suarez y Uruguay,N,,,,,,,,,,,,,,,,,,,,,,,,,,,,,,,,,,planes_circuitales\Paysandu.pdf
,,,,,,,,,,,,,,,,,URBANO,,,,,,,,,,,,,410.0,,,113.0,KCB,13611.0,14410.0,Escuela No.  42,Joaquín Suarez y Uruguay,N,,,,,,,,,,,,,,,,,,,,,,,,,,,,,,,,,,planes_circuitales\Paysandu.pdf
,,,,,,,,,,,,,,,,,URBANO,,,,,,,,,,,,,410.0,,,114.0,KCB,14411.0,15272.0,CAIF Barrio Artigas,Larrañaga esq. Grito de Asencio,S,,,,,,,,,,,,,,,,,,,,,,,,,,,,,,,,,,planes_circuitales\Paysandu.pdf
,,,,,,,,,,,,,,,,,URBANO,,,,,,,,,,,,,410.0,,,115.0,KCB,15273.0,16142.0,CAIF Barrio Artigas,Larrañaga esq. Grito de Asencio,S,,,,,,,,,,,,,,,,,,,,,,,,,,,,,,,,,,planes_circuitales\Paysandu.pdf
,,,,,,,,,,,,,,,,,URBANO,,,,,,,,,,,,,410.0,,,116.0,KCB,16143.0,16942.0,"CAIF ""Enanitos Verdes""",Ciudad de Young y Proy. 12,N,,,,,,,,,,,,,,,,,,,,,,,,,,,,,,,,,,planes_circuitales\Paysandu.pdf
,,,,,,,,,,,,,,,,,URBANO,,,,,,,,,,,,,410.0,,,117.0,KCB,16943.0,17772.0,Capilla Santa Elena,B. Goyeneche y Bolivar,S,,,,,,,,,,,,,,,,,,,,,,,,,,,,,,,,,,planes_circuitales\Paysandu.pdf
,,,,,,,,,,,,,,,,,URBANO,,,,,,,,,,,,,410.0,,,118.0,KCB,17773.0,18672.0,Salón Com. Barrio Gamundi,Uruguay esq. Enrique Chaplin,N,,,,,,,,,,,,,,,,,,,,,,,,,,,,,,,,,,planes_circuitales\Paysandu.pdf
,,,,,,,,,,,,,,,,,URBANO,,,,,,,,,,,,,400.0,,,119.0,KCB,18673.0,19415.0,Escuela No. 11,R. Ballet y E. Chaplin,S,,,,,,,,,,,,,,,,,,,,,,,,,,,,,,,,,,planes_circuitales\Paysandu.pdf
,,,,,,,,,,,,,,,,,URBANO,,,,,,,,,,,,,400.0,,,120.0,KCB,19416.0,20062.0,Escuela No. 11,R. Ballet y E. Chaplin,S,,,,,,,,,,,,,,,,,,,,,,,,,,,,,,,,,,planes_circuitales\Paysandu.pdf
,,,,,,,,,,,,,,,,,URBANO,,,,,,,,,,,,,400.0,,,121.0,KCB,20063.0,20755.0,Escuela No. 11,R. Ballet y E. Chaplin,S,,,,,,,,,,,,,,,,,,,,,,,,,,,,,,,,,,planes_circuitales\Paysandu.pdf
,,,,,,,,,,,,,,,,,URBANO,,,,,,,,,,,,,400.0,,,122.0,KCB,20756.0,21490.0,Escuela No. 11,R. Ballet y E. Chaplin,S,,,,,,,,,,,,,,,,,,,,,,,,,,,,,,,,,,planes_circuitales\Paysandu.pdf
,,,,,,,,,,,,,,,,,URBANO,,,,,,,,,,,,,400.0,,,123.0,KCB,21491.0,22251.0,Oratorio Zona Este,R. Ballet y E. Chaplin,S,,,,,,,,,,,,,,,,,,,,,,,,,,,,,,,,,,planes_circuitales\Paysandu.pdf
,,,,,,,,,,,,,,,,,URBANO,,,,,,,,,,,,,400.0,,,124.0,KCB,22252.0,22864.0,Oratorio Zona Este,R. Ballet y E. Chaplin,S,,,,,,,,,,,,,,,,,,,,,,,,,,,,,,,,,,planes_circuitales\Paysandu.pdf
,,,,,,,,,,,,,,,,,URBANO,,,,,,,,,,,,,400.0,,,125.0,KCB,22865.0,23516.0,Salón Comunal Barrio I24,E. Chaplin y 25 de Mayo,S,,,,,,,,,,,,,,,,,,,,,,,,,,,,,,,,,,planes_circuitales\Paysandu.pdf
,,,,,,,,,,,,,,,,,URBANO,,,,,,,,,,,,,400.0,,,126.0,KCB,23517.0,24175.0,Escuela No. 71,Enrique Chaplin y Canelones,S,,,,,,,,,,,,,,,,,,,,,,,,,,,,,,,,,,planes_circuitales\Paysandu.pdf
,,,,,,,,,,,,,,,,,URBANO,,,,,,,,,,,,,400.0,,,127.0,KCB,24176.0,24816.0,Escuela No. 71,Enrique Chaplin y Canelones,S,,,,,,,,,,,,,,,,,,,,,,,,,,,,,,,,,,planes_circuitales\Paysandu.pdf
,,,,,,,,,,,,,,,,,URBANO,,,,,,,,,,,,,400.0,,,128.0,KCB,24817.0,25414.0,Escuela No. 71,Enrique Chaplin y Canelones,S,,,,,,,,,,,,,,,,,,,,,,,,,,,,,,,,,,planes_circuitales\Paysandu.pdf
,,,,,,,,,,,,,,,,,URBANO,,,,,,,,,,,,,400.0,,,129.0,KCB,25415.0,25982.0,UTU - CEA Escuela 71,Proyectada 200 y Canelones,N,,,,,,,,,,,,,,,,,,,,,,,,,,,,,,,,,,planes_circuitales\Paysandu.pdf
,,,,,,,,,,,,,,,,,URBANO,,,,,,,,,,,,,400.0,,,130.0,KCB,25983.0,26573.0,UTU - CEA Escuela 71,Proyectada 200 y Canelones,N,,,,,,,,,,,,,,,,,,,,,,,,,,,,,,,,,,planes_circuitales\Paysandu.pdf
,,,,,,,,,,,,,,,,,URBANO,,,,,,,,,,,,,400.0,,,131.0,KCB,26574.0,27177.0,Salón Comunal BARRIO INVE,Roger Ballet esq. A1,N,,,,,,,,,,,,,,,,,,,,,,,,,,,,,,,,,,planes_circuitales\Paysandu.pdf
,,,,,,,,,,,,,,,,,URBANO,,,,,,,,,,,,,400.0,,,132.0,KCB,27178.0,27749.0,Salón Comunal COVISAN 7,Diagonal 300 No 2245,N,,,,,,,,,,,,,,,,,,,,,,,,,,,,,,,,,,planes_circuitales\Paysandu.pdf
,,,,,,,,,,,,,,,,,URBANO,,,,,,,,,,,,,400.0,,,133.0,KCB,27750.0,28343.0,Escuela No. 112,Joaquín Suarez 579,N,,,,,,,,,,,,,,,,,,,,,,,,,,,,,,,,,,planes_circuitales\Paysandu.pdf
,,,,,,,,,,,,,,,400.0,,,,,,,,,,,,,,,,S,URBANO,,KCB,,,,,,139.0,30985.0,31502.0,Escuela No. 114,"Avda. Gral. J de San Martín entre J. Suárez y Bvar.Artigas",,,,,,,,,,,,,,,,,,,,,,,,,,,,,planes_circuitales\Paysandu.pdf
,,,,,,,,,,,,,,,400.0,,,,,,,,,,,,,,,,S,URBANO,,KCB,,,,,,140.0,31503.0,32003.0,Policlínica Barrio IC 23,Almagro esq. J Suarez,,,,,,,,,,,,,,,,,,,,,,,,,,,,,planes_circuitales\Paysandu.pdf
,,,,,,,,,,,,,,,400.0,,,,,,,,,,,,,,,,N,URBANO,,KCB,,,,,,141.0,32004.0,32474.0,CAIF Bo. Santa Monica,B. Chaín y Dr. Felippone,,,,,,,,,,,,,,,,,,,,,,,,,,,,,planes_circuitales\Paysandu.pdf
,,,,,,,,,,,,,,,400.0,,,,,,,,,,,,,,,,N,URBANO,,KCB,,,,,,142.0,32475.0,32938.0,"Salón Comunal Barrio LosParaisos",Avda. Gral. J de San Martín y Dr. Felippone,,,,,,,,,,,,,,,,,,,,,,,,,,,,,planes_circuitales\Paysandu.pdf
,,,,,,,,,,,,,,,400.0,,,,,,,,,,,,,,,,S,URBANO,,KCB,,,,,,143.0,32939.0,33407.0,Instituto Canadá,Avda. Gral. J de San Martín y Guayabos,,,,,,,,,,,,,,,,,,,,,,,,,,,,,planes_circuitales\Paysandu.pdf
,,,,,,,,,,,,,,,400.0,,,,,,,,,,,,,,,,N,URBANO,,KCB,,,,,,144.0,33408.0,33878.0,Escuela No. 26 y No 99,José Pedro Varela No. 400,,,,,,,,,,,,,,,,,,,,,,,,,,,,,planes_circuitales\Paysandu.pdf
,,,,,,,,,,,,,,,400.0,,,,,,,,,,,,,,,,N,URBANO,,KCB,,,,,,145.0,33879.0,34336.0,Escuela No. 26 y No 99,José Pedro Varela No. 400,,,,,,,,,,,,,,,,,,,,,,,,,,,,,planes_circuitales\Paysandu.pdf
,,,,,,,,,,,,,,,400.0,,,,,,,,,,,,,,,,N,URBANO,,KCB,,,,,,146.0,34337.0,34821.0,Escuela No. 26 y No 99,José Pedro Varela No. 400,,,,,,,,,,,,,,,,,,,,,,,,,,,,,planes_circuitales\Paysandu.pdf
,,,,,,,,,,,,,,,400.0,,,,,,,,,,,,,,,,N,URBANO,,KCB,,,,,,147.0,34822.0,35267.0,Escuela No. 26 y No 99,José Pedro Varela No. 400,,,,,,,,,,,,,,,,,,,,,,,,,,,,,planes_circuitales\Paysandu.pdf
,,,,,,,,,,,,,,,400.0,,,,,,,,,,,,,,,,N,URBANO,,KCB,,,,,,148.0,35268.0,35701.0,Capilla Ntra. Sra. Del Pilar,Montevideo No. 228,,,,,,,,,,,,,,,,,,,,,,,,,,,,,planes_circuitales\Paysandu.pdf
,,,,,,,,,,,,,,,400.0,,,,,,,,,,,,,,,,S,URBANO,,KCB,,,,,,149.0,35702.0,36138.0,"Bo. Municipales II SalónComunal",Independencia esq. Benito Chaín,,,,,,,,,,,,,,,,,,,,,,,,,,,,,planes_circuitales\Paysandu.pdf
,,,,,,,,,,,,,,,400.0,,,,,,,,,,,,,,,,S,URBANO,,KCB,,,,,,150.0,36139.0,36562.0,"Bo. Municipales III SalónComunal",Marota de Graña entre Setembrino Pereda e Independencia.,,,,,,,,,,,,,,,,,,,,,,,,,,,,,planes_circuitales\Paysandu.pdf
,,,,,,,,,,,,,,,400.0,,,,,,,,,,,,,,,,S,URBANO,,KCB,,,,,,151.0,36563.0,36998.0,Escuela No. 95,Avda. Soriano esquina Silván Fernández,,,,,,,,,,,,,,,,,,,,,,,,,,,,,planes_circuitales\Paysandu.pdf
,,,,,,,,,,,,,,,400.0,,,,,,,,,,,,,,,,S,URBANO,,KCB,,,,,,152.0,36999.0,37433.0,CAIF Los Indiecitos,Pinilla No. 480,,,,,,,,,,,,,,,,,,,,,,,,,,,,,planes_circuitales\Paysandu.pdf
,,,,,,,,,,,,,,,400.0,,,,,,,,,,,,,,,,N,URBANO,,KCB,,,,,,153.0,37434.0,37851.0,Touring Club,33 Orientales 629,,,,,,,,,,,,,,,,,,,,,,,,,,,,,planes_circuitales\Paysandu.pdf
,,,,,,,,,,,,,,,400.0,,,,,,,,,,,,,,,,S,URBANO,,KCB,,,,,,154.0,37852.0,38286.0,COVIEMSA,Silverio Martinez y Zorrilla,,,,,,,,,,,,,,,,,,,,,,,,,,,,,planes_circuitales\Paysandu.pdf
,,,,,,,,,,,,,,,400.0,,,,,,,,,,,,,,,,S,URBANO,,KCB,,,,,,155.0,38287.0,38707.0,COVIEMSA,Silverio Martinez y Zorrilla,,,,,,,,,,,,,,,,,,,,,,,,,,,,,planes_circuitales\Paysandu.pdf
,,,,,,,,,,,,,,,400.0,,,,,,,,,,,,,,,,S,URBANO,,KCB,,,,,,156.0,38708.0,39126.0,COVIMAG,Herrera y Fco. Bicudo,,,,,,,,,,,,,,,,,,,,,,,,,,,,,planes_circuitales\Paysandu.pdf
,,,,,,,,,,,,,,,400.0,,,,,,,,,,,,,,,,S,URBANO,,KCB,,,,,,157.0,39127.0,39542.0,Club Colón,Dr. Felippone esq. Artigas,,,,,,,,,,,,,,,,,,,,,,,,,,,,,planes_circuitales\Paysandu.pdf
,,,,,,,,,,,,,,,400.0,,,,,,,,,,,,,,,,N,URBANO,,KCB,,,,,,158.0,39543.0,39945.0,Oficina ANEP,25 de Mayo No. 1738,,,,,,,,,,,,,,,,,,,,,,,,,,,,,planes_circuitales\Paysandu.pdf
,,,,,,,,,,,,,,,400.0,,,,,,,,,,,,,,,,N,URBANO,,KCB,,,,,,159.0,39946.0,40352.0,Instituto MAFALDA,Sarandí 1700,,,,,,,,,,,,,,,,,,,,,,,,,,,,,planes_circuitales\Paysandu.pdf
,,,,,,,,,,,,,,,,,URBANO,,,,,,,,,,,,,,,,,,,,,,S,,,,,,168.0,KCC,6645.0,7241.0,Liceo Franscisco,Dr. Roldán 3245,392.0,,,,,,,,,,,,,,,,,,,,,,planes_circuitales\Paysandu.pdf
,,,,,,,,,,,,,,,,,URBANO,,,,,,,,,,,,,,,,,,,,,,S,,,,,,169.0,KCC,7242.0,7861.0,Escuela No. 13,Nuevo Paysandú,392.0,,,,,,,,,,,,,,,,,,,,,,planes_circuitales\Paysandu.pdf
,,,,,,,,,,,,,,,,,URBANO,,,,,,,,,,,,,,,,,,,,,,S,,,,,,170.0,KCC,7862.0,8409.0,Escuela No. 13,Nuevo Paysandú,392.0,,,,,,,,,,,,,,,,,,,,,,planes_circuitales\Paysandu.pdf
,,,,,,,,,,,,,,,,,URBANO,,,,,,,,,,,,,,,,,,,,,,S,,,,,,171.0,KCC,8410.0,8902.0,Escuela No. 13,Nuevo Paysandú,392.0,,,,,,,,,,,,,,,,,,,,,,planes_circuitales\Paysandu.pdf
,,,,,,,,,,,,,,,,,URBANO,,,,,,,,,,,,,,,,,,,,,,S,,,,,,172.0,KCC,8903.0,9377.0,Caif Nuevo Paysandú,Calle 29 A esq. Avda. de las Américas,392.0,,,,,,,,,,,,,,,,,,,,,,planes_circuitales\Paysandu.pdf
,,,,,,,,,,,,,,,,,URBANO,,,,,,,,,,,,,,,,,,,,,,S,,,,,,173.0,KCC,9378.0,9847.0,Policlìnica Nuevo Paysandu,Calle 29 A esq. Avda. de las Américas,392.0,,,,,,,,,,,,,,,,,,,,,,planes_circuitales\Paysandu.pdf
,,,,,,,,,,,,,,,,,URBANO,,,,,,,,,,,,,,,,,,,,,,S,,,,,,174.0,KCC,9848.0,10335.0,Liceo No. 6 Nuevo Paysandu,Calle S/N esq. Monseñor Nicolini,392.0,,,,,,,,,,,,,,,,,,,,,,planes_circuitales\Paysandu.pdf
,,,,,,,,,,,,,,,,,URBANO,,,,,,,,,,,,,,,,,,,,,,S,,,,,,175.0,KCC,10336.0,10775.0,Liceo No. 6 Nuevo Paysandu,Calle S/N esq. Monseñor Nicolini,392.0,,,,,,,,,,,,,,,,,,,,,,planes_circuitales\Paysandu.pdf
,,,,,,,,,,,,,,,,,URBANO,,,,,,,,,,,,,,,,,,,,,,N,,,,,,176.0,KCC,10776.0,11192.0,Escuela No. 7,San Francisco,392.0,,,,,,,,,,,,,,,,,,,,,,planes_circuitales\Paysandu.pdf
,,,,,,,,,,,,,,,,,URBANO,,,,,,,,,,,,,,,,,,,,,,N,,,,,,177.0,KCC,11193.0,11632.0,Escuela No. 7,San Francisco,392.0,,,,,,,,,,,,,,,,,,,,,,planes_circuitales\Paysandu.pdf
,,,,,,,,,,,,,,,,,URBANO,,,,,,,,,,,,,,,,,,,,,,S,,,,,,178.0,KCC,11633.0,12055.0,Escuela No. 111,Asunción esq. Venezuela,392.0,,,,,,,,,,,,,,,,,,,,,,planes_circuitales\Paysandu.pdf
,,,,,,,,,,,,,,,,,URBANO,,,,,,,,,,,,,,,,,,,,,,S,,,,,,179.0,KCC,12056.0,12466.0,Escuela No. 111,Asunción esq. Venezuela,392.0,,,,,,,,,,,,,,,,,,,,,,planes_circuitales\Paysandu.pdf
,,,,,,,,,,,,,,,,,URBANO,,,,,,,,,,,,,,,,,,,,,,N,,,,,,180.0,KCC,12467.0,12871.0,Escuela No. 15,Limite Este y Yapeyú,392.0,,,,,,,,,,,,,,,,,,,,,,planes_circuitales\Paysandu.pdf
,,,,,,,,,,,,,,,,,URBANO,,,,,,,,,,,,,,,,,,,,,,N,,,,,,181.0,KCC,12872.0,13274.0,Escuela No. 15,Limite Este y Yapeyú,392.0,,,,,,,,,,,,,,,,,,,,,,planes_circuitales\Paysandu.pdf
,,,,,,,,,,,,,,,,,URBANO,,,,,,,,,,,,,,,,,,,,,,N,,,,,,182.0,KCC,13275.0,13740.0,Escuela No. 15,Limite Este y Yapeyú,398.0,,,,,,,,,,,,,,,,,,,,,,planes_circuitales\Paysandu.pdf
,,,,,,,,,,,,,,,,,RURAL,,,,,,,,,,,,,,,,,,,,,,S,,,,,,183.0,KCD,1.0,1491.0,Salón Comunal MEVIR,Pueblo Esperanza,233.0,,,,,,,,,,,,,,,,,,,,,,planes_circuitales\Paysandu.pdf
,,,,,,,,,,,,,,,,,RURAL,,,,,,,,,,,,,,,,,,,,,,N,,,,,,184.0,KCD,1492.0,1795.0,Escuela No. 58,Pueblo Esperanza,233.0,,,,,,,,,,,,,,,,,,,,,,planes_circuitales\Paysandu.pdf
,,,,,,,,,,,,,,,,,RURAL,,,,,,,,,,,,,,,,,,,,,,N,,,,,,185.0,KCD,1796.0,2043.0,Escuela No. 58,Pueblo Esperanza,233.0,,,,,,,,,,,,,,,,,,,,,,planes_circuitales\Paysandu.pdf
,,,,,,,,,,,,,,,,,RURAL,,,,,,,,,,,,,,,,,,,,,,N,,,,,,186.0,KCE,1.0,1453.0,Escuela No. 19,Estación Porvenir,157.0,,,,,,,,,,,,,,,,,,,,,,planes_circuitales\Paysandu.pdf
,,,,,,,,,,,,,,,,,RURAL,,,,,,,,,,,,,,,,,,,,,,N,,,,,,187.0,KCE,1454.0,1643.0,Escuela No. 47,Colonia 19 de Abril,158.0,,,,,,,,,,,,,,,,,,,,,,planes_circuitales\Paysandu.pdf
,,,,,,,,,,,,,,,,,RURAL,,,,,,,,,,,,,,,,,,,,,,S,,,,,,188.0,KDA,1.0,1724.0,Exposición Feria Paysandú,Ruta 90 Km. 7,257.0,,,,,,,,,,,,,,,,,,,,,,planes_circuitales\Paysandu.pdf
,,,,,,,,,,,,,,,,,RURAL,,,,,,,,,,,,,,,,,,,,,,S,,,,,,189.0,KDA,1725.0,2133.0,Exposición Feria Paysandú,Ruta 90 Km. 7,257.0,,,,,,,,,,,,,,,,,,,,,,planes_circuitales\Paysandu.pdf
,,,,,,,,,,,,,,,,,,,,,,,,,,,,,,,,,,,,,,,S,,,,,,,,,,,,,196.0,KDB,4327.0,4673.0,Escuela No. 14,Pueblo Porvenir,281.0,RURAL,,,,,,,,,,,,,,planes_circuitales\Paysandu.pdf
,,,,,,,,,,,,,,,,,,,,,,,,,,,,,,,,,,,,,,,S,,,,,,,,,,,,,197.0,KDB,4674.0,4988.0,Escuela No. 14,Pueblo Porvenir,281.0,RURAL,,,,,,,,,,,,,,planes_circuitales\Paysandu.pdf
,,,,,,,,,,,,,,,,,,,,,,,,,,,,,,,,,,,,,,,S,,,,,,,,,,,,,198.0,KDB,4989.0,5285.0,Escuela No. 14,Pueblo Porvenir,284.0,RURAL,,,,,,,,,,,,,,planes_circuitales\Paysandu.pdf
,,,,,,,,,,,,,,,,,,,,,,,,,,,,,,,,,,,,,,,S,,,,,,,,,,,,,199.0,KDC,1.0,2323.0,Escuela No. 21,Casa Blanca,272.0,RURAL,,,,,,,,,,,,,,planes_circuitales\Paysandu.pdf
,,,,,,,,,,,,,,,,,,,,,,,,,,,,,,,,,,,,,,,S,,,,,,,,,,,,,200.0,KDC,2324.0,2867.0,Escuela No. 21,Casa Blanca,272.0,RURAL,,,,,,,,,,,,,,planes_circuitales\Paysandu.pdf
,,,,,,,,,,,,,,,,,,,,,,,,,,,,,,,,,,,,,,,S,,,,,,,,,,,,,201.0,KDC,2868.0,3260.0,Escuela Nro. 9,Colonia Paysandú,272.0,RURAL,,,,,,,,,,,,,,planes_circuitales\Paysandu.pdf
,,,,,,,,,,,,,,,,,,,,,,,,,,,,,,,,,,,,,,,S,,,,,,,,,,,,,202.0,KDC,3261.0,3590.0,Salón Comunal B. San Felix,San Felix,272.0,RURAL,,,,,,,,,,,,,,planes_circuitales\Paysandu.pdf
,,,,,,,,,,,,,,,,,,,,,,,,,,,,,,,,,,,,,,,S,,,,,,,,,,,,,203.0,KDC,3591.0,3881.0,Escuela Nro. 25,San Felix,272.0,RURAL,,,,,,,,,,,,,,planes_circuitales\Paysandu.pdf
,,,,,,,,,,,,,,,,,,,,,,,,,,,,,,,,,,,,,,,S,,,,,,,,,,,,,204.0,KDC,3882.0,4171.0,Escuela Nro. 25,San Felix,272.0,RURAL,,,,,,,,,,,,,,planes_circuitales\Paysandu.pdf
,,,,,,,,,,,,,,,,,,,,,,,,,,,,,,,,,,,,,,,S,,,,,,,,,,,,,205.0,KDC,4172.0,4455.0,Escuela Nro. 25,San Felix,274.0,RURAL,,,,,,,,,,,,,,planes_circuitales\Paysandu.pdf
,,,,,,,,,,,,,,,,,,,,,,,,,,,,,,,,,,,,,,,S,,,,,,,,,,,,,206.0,KDD,1.0,527.0,Escuela Nro. 66,Rabón,48.0,RURAL,,,,,,,,,,,,,,planes_circuitales\Paysandu.pdf
,,,,,,,,,,,,,,,,,,,,,,,,,,,,,,,,,,,,,,,S,,,,,,,,,,,,,207.0,KDE,1.0,881.0,Escuela Nro. 50,Celestino - La Tentación,162.0,RURAL,,,,,,,,,,,,,,planes_circuitales\Paysandu.pdf
,,,,,,,,,,,,,,,,,,,,,,,,,,,,,,,,,,,,,,,S,,,,,,,,,,,,,208.0,KEA,1.0,6258.0,INAU,Guichón,410.0,URBANO,,,,,,,,,,,,,,planes_circuitales\Paysandu.pdf
,,,,,,,,,,,,,,,,,,,,,,,,,,,,,,,,,,,,,,,S,,,,,,,,,,,,,209.0,KEA,6259.0,7989.0,Liceo Guichón,Guichón,410.0,URBANO,,,,,,,,,,,,,,planes_circuitales\Paysandu.pdf
,,,,,,,,,,,,,,,,,,,,,,,,,,,,,,,,,,,,,,,S,,,,,,,,,,,,,210.0,KEA,7990.0,8994.0,Liceo Guichón,Guichón,410.0,URBANO,,,,,,,,,,,,,,planes_circuitales\Paysandu.pdf
,,,,,,,,,,,,,,,,,,,,,,,,,,,,,,,,,,,,,,,S,,,,,,,,,,,,,211.0,KEA,8995.0,9887.0,Escuela Nro. 77,Guichón,410.0,URBANO,,,,,,,,,,,,,,planes_circuitales\Paysandu.pdf
,,,,,,,,,,,,,,,,,,,,,,,,,,,,,,,,,,,,,,,N,,,,,,,,,,,,,212.0,KEA,9888.0,10587.0,Jardín Nro. 104,Guichón,410.0,URBANO,,,,,,,,,,,,,,planes_circuitales\Paysandu.pdf
,,,,,,,,,,,,,,,,,,,,,,,,,,,,,,,,,,,,,,,N,,,,,,,,,,,,,213.0,KEA,10588.0,11246.0,Escuela Nro. 5,Guichón,410.0,URBANO,,,,,,,,,,,,,,planes_circuitales\Paysandu.pdf
,,,,,,,,,,,,,,,,,,,,,,,,,,,,,,,,,,,,,,,N,,,,,,,,,,,,,214.0,KEA,11247.0,11787.0,Escuela Nro. 5,Guichón,410.0,URBANO,,,,,,,,,,,,,,planes_circuitales\Paysandu.pdf
,,,,,,,,,,,,,,,,,,,,,,,,,,,,,,,,,,,,,,,N,,,,,,,,,,,,,215.0,KEA,11788.0,12279.0,Escuela Nro. 5,Guichón,400.0,URBANO,,,,,,,,,,,,,,planes_circuitales\Paysandu.pdf
,,,,,,,,,,,,,,,,,,,,,,,,,,,,,,,,,,,,,,,S,,,,,,,,,,,,,216.0,KEA,12280.0,12722.0,Escuela Técnica Guichón,Guichón,400.0,URBANO,,,,,,,,,,,,,,planes_circuitales\Paysandu.pdf
,,,,,,,,,,,,,,,,,,,,,,,,,,,,,,,,,,,,,,,S,,,,,,,,,,,,,217.0,KEA,12723.0,13152.0,Escuela Técnica Guichón,Guichón,400.0,URBANO,,,,,,,,,,,,,,planes_circuitales\Paysandu.pdf
,,,,,,,,,,,,,,,,,,,,,,,,,,,,,,,,,,,,,,,N,,,,,,,,,,,,,218.0,KEA,13153.0,13566.0,Auditorio Guichón,Guichón,400.0,URBANO,,,,,,,,,,,,,,planes_circuitales\Paysandu.pdf
,,,,,,,,,,,,,,,,,,,,,,,,,,,,,,,,,,,,,,,N,,,,,,,,,,,,,219.0,KEA,13567.0,13982.0,Escuela Nro. 39,Guichón,405.0,URBANO,,,,,,,,,,,,,,planes_circuitales\Paysandu.pdf
,,,,,,,,,,,,,,,,,,,,,,,,,,,,,,,,,,,,,,,N,,,,,,,,,,,,,,,,,,,,RURAL,228.0,KEF,1.0,2464.0,Municipio,Tambores,248.0,,,,,,,planes_circuitales\Paysandu.pdf
,,,,,,,,,,,,,,,,,,,,,,,,,,,,,,,,,,,,,,,S,,,,,,,,,,,,,,,,,,,,RURAL,229.0,KEF,2465.0,2898.0,Escuela Nro. 92,Tambores,248.0,,,,,,,planes_circuitales\Paysandu.pdf
,,,,,,,,,,,,,,,,,,,,,,,,,,,,,,,,,,,,,,,S,,,,,,,,,,,,,,,,,,,,RURAL,230.0,KEF,2899.0,3179.0,Liceo Local,Tambores,250.0,,,,,,,planes_circuitales\Paysandu.pdf
,,,,,,,,,,,,,,,,,,,,,,,,,,,,,,,,,,,,,,,S,,,,,,,,,,,,,,,,,,,,RURAL,231.0,KFA,1.0,822.0,Escuela Nro. 30,Arroyo Malo,94.0,,,,,,,planes_circuitales\Paysandu.pdf
,,,,,,,,,,,,,,,,,,,,,,,,,,,,,,,,,,,,,,,S,,,,,,,,,,,,,,,,,,,,RURAL,232.0,KFB,1.0,1740.0,Escuela Nro. 48,Lorenzo Geyres,214.0,,,,,,,planes_circuitales\Paysandu.pdf
,,,,,,,,,,,,,,,,,,,,,,,,,,,,,,,,,,,,,,,S,,,,,,,,,,,,,,,,,,,,RURAL,233.0,KFB,1741.0,2075.0,Escuela Nro. 48,Lorenzo Geyres,214.0,,,,,,,planes_circuitales\Paysandu.pdf
,,,,,,,,,,,,,,,,,,,,,,,,,,,,,,,,,,,,,,,N,,,,,,,,,,,,,,,,,,,,RURAL,234.0,KFB,2076.0,2330.0,Municipio,Lorenzo Geyres,214.0,,,,,,,planes_circuitales\Paysandu.pdf
,,,,,,,,,,,,,,,,,,,,,,,,,,,,,,,,,,,,,,,S,,,,,,,,,,,,,,,,,,,,RURAL,235.0,KFB,2331.0,2570.0,Salon Comunal QUEGUAYAR,Queguayar,214.0,,,,,,,planes_circuitales\Paysandu.pdf
,,,,,,,,,,,,,,,,,,,,,,,,,,,,,,,,,,,,,,,S,,,,,,,,,,,,,,,,,,,,RURAL,236.0,KFC,1.0,3875.0,Municipio,Quebracho,285.0,,,,,,,planes_circuitales\Paysandu.pdf
,,,,,,,,,,,,,,,,,,,,,,,,,,,,,,,,,,,,,,,N,,,,,,,,,,,,,,,,,,,,RURAL,237.0,KFC,3876.0,4753.0,Salón Comunal,Quebracho,285.0,,,,,,,planes_circuitales\Paysandu.pdf
,,,,,,,,,,,,,,,,,,,,,,,,,,,,,,,,,,,,,,,S,,,,,,,,,,,,,,,,,,,,RURAL,238.0,KFC,4754.0,5380.0,Liceo Local,Quebracho,285.0,,,,,,,planes_circuitales\Paysandu.pdf
,,,,,,,,,,,,,,,,,,,,,,,,,,,,,,,,,,,,,,,S,,,,,,,,,,,,,,,,,,,,RURAL,239.0,KFC,5381.0,5887.0,Liceo Local,Quebracho,285.0,,,,,,,planes_circuitales\Paysandu.pdf
,,,,,,,,,,,,,,,,,,,,,,,,,,,,,,,,,,,,,,,S,,,,,,,,,,,,,,,,,,,,RURAL,240.0,KFC,5888.0,6363.0,Liceo Local,Quebracho,285.0,,,,,,,planes_circuitales\Paysandu.pdf
,,,,,,,,,,,,,,,,,,,,,,,,,,,,,,,,,,,,,,,N,,,,,,,,,,,,,,,,,,,,RURAL,241.0,KFC,6364.0,6777.0,Escuela Nro. 23,Quebracho,285.0,,,,,,,planes_circuitales\Paysandu.pdf
,,,,,,,,,,,,,,,,,,,,,,,,,,,,,,,,,,,,,,,N,,,,,,,,,,,,,,,,,,,,RURAL,242.0,KFC,6778.0,7126.0,Escuela Jardín Nro. 109,Quebracho,285.0,,,,,,,planes_circuitales\Paysandu.pdf
,,,,,,,,,,,,,,,,,,,,,,,,,,,,,,,,,,,,,,,N,,,,,,,,,,,,,,,,,,,,RURAL,243.0,KFC,7127.0,7445.0,Escuela Jardín Nro. 109,Quebracho,285.0,,,,,,,planes_circuitales\Paysandu.pdf
,,,,,,,,,,,,,,,,,,,,,,,,,,,,,,,,,,,,,,,N,,,,,,,,,,,,,,,,,,,,RURAL,244.0,KFC,7446.0,7750.0,Escuela Nro. 97,Quebracho,285.0,,,,,,,planes_circuitales\Paysandu.pdf
,,,,,,,,,,,,,,,,,,,,,,,,,,,,,,,,,,,,,,,S,,,,,,,,,,,,,,,,,,,,RURAL,245.0,KFC,7751.0,8048.0,Escuela Nro. 97,Quebracho,289.0,,,,,,,planes_circuitales\Paysandu.pdf
,,,,,,,,,,,,,,,,,,,,,,,,,,,,,,,,,,,,,,,S,,,,,,,,,,,,,,,,,,,,RURAL,246.0,KFD,1.0,729.0,Escuela Nro. 90,Sauce del Queguay,51.0,,,,,,,planes_circuitales\Paysandu.pdf
,,,,,,,,,,,,,,,,,,,,,,,,,,,,,,,,,,,,,,,S,,,,,,,,,,,,,,,,,,,,RURAL,247.0,KFE,1.0,2048.0,Escuela Nro. 31,Sauce de Buricayupí,173.0,,,,,,,planes_circuitales\Paysandu.pdf
,,,,,,,,,,,,,,,,,,,,,,,,,,,,,,,,,,,,,,,S,,,,,,,,,,,,,,,,,,,,RURAL,248.0,KFE,2049.0,2263.0,Escuela Nro. 64,Soto,173.0,,,,,,,planes_circuitales\Paysandu.pdf
,,,,,,,,,,,,,,,,,,,,,,,,,,,,,,,,,,,,,,,S,,,,,,,,,,,,,,,,,,,,RURAL,249.0,KFF,1.0,1914.0,Junta Local,El Eucalipto,271.0,,,,,,,planes_circuitales\Paysandu.pdf
,,,,,,,,,,,,,,,,,,,,,,,,,,,,,,,,,,,,,,,S,,,,,,,,,,,,,,,,,,,,RURAL,250.0,KFF,1915.0,2216.0,Salón Comunal,Zeballos,271.0,,,,,,,planes_circuitales\Paysandu.pdf
,,,,,,,,,,,,,,,,,,,,,,,,,,,,,,,,,,,,,,,S,,,,,,,,,,,,,,,,,,,,RURAL,251.0,KGA,1.0,1269.0,Escuela Nro. 46,Arroyo Negro,127.0,,,,,,,planes_circuitales\Paysandu.pdf
,,,,,,,,,,,,,,,,,,,,,,,,,,,,,,,,,,,,,,,,,,,,,,,,,,,,,,,,,,,,,,1.0,,,,,,KHB,401.0,12,,,planes_circuitales\Paysandu.pdf
,,,,,,,,,,,,,,,,,,,,,,,,,,,,,,,,,,,,,,,S,,,,,,,,,,,,,,,,,,,,RURAL,,,1.0,,,,,260.0,KHC,1025.0,Escuela Nro. 56,Colonia Juan Gutierrez,46.0,planes_circuitales\Paysandu.pdf
,,,,,,,,,,,,,,,,,,,,,,,,,,,,,,,,,,,,,,,S,,,,,,,,,,,,,,,,,,,,RURAL,,,1.0,,,,,261.0,KIA,659.0,Escuela Nro. 85,Guarapirú,194.0,planes_circuitales\Paysandu.pdf
,,,,,,,,,,,,,,,,,,,,,,,,,,,,,,,,,,,,,,,S,,,,,,,,,,,,,,,,,,,,RURAL,,,1.0,,,,,262.0,KIB,565.0,Salón Comunal MEVIR,Gallinal,259.0,planes_circuitales\Paysandu.pdf
,,,,,,,,,,,,,,,,,,,,,,,,,,,,,,,,,,,,,,,S,,,,,,,,,,,,,,,,,,,,RURAL,,,566.0,,,,,263.0,KIB,850.0,Liceo Local,Gallinal,260.0,planes_circuitales\Paysandu.pdf
,,,,,,,,,,,,,,,,,,,,,,,,,,,,,,,,,,,,,,,S,,,,,,,,,,,,,,,,,,,,RURAL,,,1.0,,,,,264.0,KIC,1442.0,Escuela Nro. 16,Cerro Chato,185.0,planes_circuitales\Paysandu.pdf
,,,,,,,,,,,,,,,,,,,,,,,,,,,,,,,,,,,,,,,S,,,,,,,,,,,,,,,,,,,,RURAL,,,1443.0,,,,,265.0,KIC,1666.0,Escuela Nro. 16,Cerro Chato,186.0,planes_circuitales\Paysandu.pdf
,,,,,,,,,,,,,,,,,,,,,,,,,,,,,,,,,,,,,,,S,,,,,,,,,,,,,,,,,,,,RURAL,,,1.0,,,,,266.0,KID,1103.0,Salón Comunal MEVIR,Chapicuy,255.0,planes_circuitales\Paysandu.pdf
,,,,,,,,,,,,,,,,,,,,,,,,,,,,,,,,,,,,,,,S,,,,,,,,,,,,,,,,,,,,RURAL,,,1104.0,,,,,267.0,KID,1441.0,Escuela Nro. 54,Chapicuy,255.0,planes_circuitales\Paysandu.pdf
,,,,,,,,,,,,,,,,,,,,,,,,,,,,,,,,,,,,,,,S,,,,,,,,,,,,,,,,,,,,RURAL,,,1442.0,,,,,268.0,KID,1714.0,Escuela Nro. 54,Chapicuy,256.0,planes_circuitales\Paysandu.pdf
,,,,,,,,,,,,,,,,,,,,,,,,,,,,,,,,,,,,,,,S,,,,,,,,,,,,,,,,,,,,RURAL,,,1.0,,,,,269.0,KIE,576.0,Salón Comunal MEVIR,Bella Vista,45.0,planes_circuitales\Paysandu.pdf
,,,,,,,,,,,,,,,,,,,,,,,,,,,,,,,,,,,,,,,S,,,,,,,,,,,,,,,,,,,,RURAL,,,,,,,,270.0,FICTO,,Exposición Feria Paysandú,Ruta 90 Km. 7,,planes_circuitales\Paysandu.pdf
